village_id,village_name,gp_id,gp_name,block_id,block_name,district,state,latitude,longitude,population,tribal_population,forest_area_hectares
VIL_000001,चिरमिरी,GP_000001,GP_फतेहपुर,BLK_000001,Mandla,Mandla,Madhya Pradesh,22.220009,80.275029,957,172,140.998070468603
VIL_000002,पाकाला,GP_000001,GP_फतेहपुर,BLK_000001,Mandla,Mandla,Madhya Pradesh,22.792534,80.545367,1709,349,111.91888777522814
VIL_000003,चंबा,GP_000001,GP_फतेहपुर,BLK_000001,Mandla,Mandla,Madhya Pradesh,22.37491,80.505355,554,119,386.4078451689614
VIL_000004,रानीताल,GP_000002,GP_भद्रक,BLK_000001,Mandla,Mandla,Madhya Pradesh,22.635953,80.220441,1706,327,447.7201283171736
VIL_000005,करना,GP_000002,GP_भद्रक,BLK_000001,Mandla,Mandla,Madhya Pradesh,22.807046,80.159659,1365,269,162.19179992471263
VIL_000006,अहमदनगर,GP_000002,GP_भद्रक,BLK_000001,Mandla,Mandla,Madhya Pradesh,22.96577,80.336595,689,138,243.59175219385136
VIL_000007,धारवाड,GP_000002,GP_भद्रक,BLK_000001,Mandla,Mandla,Madhya Pradesh,22.475165,80.264521,588,135,314.4912365818803
VIL_000008,अमरावती,GP_000002,GP_भद्रक,BLK_000001,Mandla,Mandla,Madhya Pradesh,22.978493,80.378534,1630,315,351.45591979777737
VIL_000009,अलांग,GP_000003,GP_चिरमिरी,BLK_000001,Mandla,Mandla,Madhya Pradesh,22.661882,80.704572,593,133,409.22733631547675
VIL_000010,फतेहगढ,GP_000003,GP_चिरमिरी,BLK_000001,Mandla,Mandla,Madhya Pradesh,22.988177,80.855318,706,141,281.3641209473742
VIL_000011,अमरावती,GP_000003,GP_चिरमिरी,BLK_000001,Mandla,Mandla,Madhya Pradesh,22.867288,80.162654,1227,228,206.79112881964534
VIL_000012,अमरोहा,GP_000003,GP_चिरमिरी,BLK_000001,Mandla,Mandla,Madhya Pradesh,22.949324,80.648035,1747,388,313.6559508118832
VIL_000013,हैदराबाद,GP_000004,GP_चंबा,BLK_000001,Mandla,Mandla,Madhya Pradesh,22.330722,80.379455,1810,410,187.84606958810758
VIL_000014,हैदराबाद,GP_000004,GP_चंबा,BLK_000001,Mandla,Mandla,Madhya Pradesh,22.459426,80.768314,614,115,112.84009756161511
VIL_000015,अम्बाजी,GP_000004,GP_चंबा,BLK_000001,Mandla,Mandla,Madhya Pradesh,22.452362,80.267741,932,229,326.8720205914009
VIL_000016,बचेली,GP_000005,GP_बहादुरगंज,BLK_000001,Mandla,Mandla,Madhya Pradesh,22.451742,80.655439,1310,318,357.1407480801697
VIL_000017,अजमेर,GP_000005,GP_बहादुरगंज,BLK_000001,Mandla,Mandla,Madhya Pradesh,22.314297,80.13963,1649,353,398.80552466090313
VIL_000018,सभापतिने,GP_000005,GP_बहादुरगंज,BLK_000001,Mandla,Mandla,Madhya Pradesh,22.542747,80.583533,1241,232,499.0150425980441
VIL_000019,खडगपुर,GP_000005,GP_बहादुरगंज,BLK_000001,Mandla,Mandla,Madhya Pradesh,22.607621,80.090909,596,143,161.13652773930443
VIL_000020,रानीताल,GP_000005,GP_बहादुरगंज,BLK_000001,Mandla,Mandla,Madhya Pradesh,22.327986,80.680481,1721,299,252.6477146026147
VIL_000021,फतेहगढ,GP_000006,GP_अन्तर्गत,BLK_000001,Mandla,Mandla,Madhya Pradesh,22.623291,80.971078,523,118,145.82069719347464
VIL_000022,जिलोंपर,GP_000006,GP_अन्तर्गत,BLK_000001,Mandla,Mandla,Madhya Pradesh,22.907831,80.750878,1812,357,217.40005145897044
VIL_000023,अलीगढ,GP_000006,GP_अन्तर्गत,BLK_000001,Mandla,Mandla,Madhya Pradesh,22.326526,80.003245,1978,479,205.3556203004363
VIL_000024,देवगढ़,GP_000006,GP_अन्तर्गत,BLK_000001,Mandla,Mandla,Madhya Pradesh,22.600469,80.178652,717,173,219.37791657945314
VIL_000025,फतेहगढ,GP_000007,GP_करना,BLK_000001,Mandla,Mandla,Madhya Pradesh,22.60613,80.198911,1265,294,315.7516120478503
VIL_000026,अखनूर,GP_000007,GP_करना,BLK_000001,Mandla,Mandla,Madhya Pradesh,22.822901,80.530354,501,109,295.44228321157914
VIL_000027,बचेली,GP_000007,GP_करना,BLK_000001,Mandla,Mandla,Madhya Pradesh,22.289494,80.362981,1129,213,196.34863697889324
VIL_000028,चक्रधरपुर,GP_000007,GP_करना,BLK_000001,Mandla,Mandla,Madhya Pradesh,22.653886,80.078757,1998,419,127.68500738735344
VIL_000029,देवगढ़,GP_000007,GP_करना,BLK_000001,Mandla,Mandla,Madhya Pradesh,22.808482,80.765834,762,170,478.73947188199634
VIL_000030,अगरतला,GP_000008,GP_पाकाला,BLK_000001,Mandla,Mandla,Madhya Pradesh,22.412045,80.872433,1366,341,471.56539720087073
VIL_000031,भद्रक,GP_000008,GP_पाकाला,BLK_000001,Mandla,Mandla,Madhya Pradesh,22.804212,80.689868,1960,382,498.0597426643579
VIL_000032,मोकामा,GP_000008,GP_पाकाला,BLK_000001,Mandla,Mandla,Madhya Pradesh,22.719902,80.4381,1559,322,199.1622454664032
VIL_000033,अनंतनाग,GP_000009,GP_चिराला,BLK_000001,Mandla,Mandla,Madhya Pradesh,22.470468,80.588309,971,212,102.87633559403741
VIL_000034,दादरा और नगर हवेली,GP_000009,GP_चिराला,BLK_000001,Mandla,Mandla,Madhya Pradesh,22.766273,80.058874,638,156,443.8541601014986
VIL_000035,अनंतनाग,GP_000009,GP_चिराला,BLK_000001,Mandla,Mandla,Madhya Pradesh,22.256686,80.238005,1870,392,315.69357255790186
VIL_000036,मुंबई,GP_000010,GP_विस्तारण,BLK_000001,Mandla,Mandla,Madhya Pradesh,22.948411,80.571043,1468,277,289.18917717783745
VIL_000037,खडगपुर,GP_000010,GP_विस्तारण,BLK_000001,Mandla,Mandla,Madhya Pradesh,22.525648,80.094326,1849,379,269.4314492079683
VIL_000038,चिराला,GP_000010,GP_विस्तारण,BLK_000001,Mandla,Mandla,Madhya Pradesh,22.57362,80.729076,1879,420,358.47190051799373
VIL_000039,अमरपुर,GP_000010,GP_विस्तारण,BLK_000001,Mandla,Mandla,Madhya Pradesh,22.24849,80.728214,723,137,176.0835633763246
VIL_000040,देहरा,GP_000010,GP_विस्तारण,BLK_000001,Mandla,Mandla,Madhya Pradesh,22.558891,80.421882,1070,222,449.794381628232
VIL_000041,फतहपुर,GP_000011,GP_फतहपुर,BLK_000001,Mandla,Mandla,Madhya Pradesh,22.554505,80.861349,1627,287,360.8579575994088
VIL_000042,चित्रकूट,GP_000011,GP_फतहपुर,BLK_000001,Mandla,Mandla,Madhya Pradesh,22.63247,80.014758,691,170,439.4782937657222
VIL_000043,अकोला,GP_000011,GP_फतहपुर,BLK_000001,Mandla,Mandla,Madhya Pradesh,22.333049,80.485641,937,226,460.9771462042195
VIL_000044,आदिलाबाद,GP_000012,GP_अमरावती,BLK_000001,Mandla,Mandla,Madhya Pradesh,22.503178,80.985309,1043,257,414.0517427176486
VIL_000045,बहादुरगढ,GP_000012,GP_अमरावती,BLK_000001,Mandla,Mandla,Madhya Pradesh,22.428199,80.696592,1996,504,322.3073293622473
VIL_000046,जिससेबेलारी,GP_000012,GP_अमरावती,BLK_000001,Mandla,Mandla,Madhya Pradesh,22.774727,80.154797,1107,207,123.39331680291977
VIL_000047,इलाहाबाद,GP_000013,GP_बचेली,BLK_000001,Mandla,Mandla,Madhya Pradesh,22.633756,80.747976,617,106,290.715406843574
VIL_000048,अमरोहा,GP_000013,GP_बचेली,BLK_000001,Mandla,Mandla,Madhya Pradesh,22.93551,80.531126,616,153,132.04458609623475
VIL_000049,चिपलुन,GP_000013,GP_बचेली,BLK_000001,Mandla,Mandla,Madhya Pradesh,22.34866,80.595035,1882,454,261.510220527311
VIL_000050,चंडीगढ,GP_000013,GP_बचेली,BLK_000001,Mandla,Mandla,Madhya Pradesh,22.953277,80.569675,1685,368,347.75260413284127
VIL_000051,देवास,GP_000013,GP_बचेली,BLK_000001,Mandla,Mandla,Madhya Pradesh,22.53538,80.583672,1570,306,204.30627824145313
VIL_000052,दालखोला,GP_000014,GP_अहमदनगर,BLK_000001,Mandla,Mandla,Madhya Pradesh,22.772953,80.238686,1310,235,358.2003155350598
VIL_000053,फतेहगढ,GP_000014,GP_अहमदनगर,BLK_000001,Mandla,Mandla,Madhya Pradesh,22.56578,80.929018,648,109,348.4637021972371
VIL_000054,चिपलुन,GP_000014,GP_अहमदनगर,BLK_000001,Mandla,Mandla,Madhya Pradesh,22.650395,80.099981,1601,298,206.08016590016052
VIL_000055,लखनऊ,GP_000014,GP_अहमदनगर,BLK_000001,Mandla,Mandla,Madhya Pradesh,22.946608,80.880864,1000,199,163.09873294289278
VIL_000056,मोकोकचुंग,GP_000014,GP_अहमदनगर,BLK_000001,Mandla,Mandla,Madhya Pradesh,22.866996,80.70354,1752,441,422.83997730605694
VIL_000057,चंडीगढ,GP_000015,GP_हैदराबाद,BLK_000001,Mandla,Mandla,Madhya Pradesh,22.206258,80.817104,1113,275,141.4346007672846
VIL_000058,अलीगढ,GP_000015,GP_हैदराबाद,BLK_000001,Mandla,Mandla,Madhya Pradesh,22.902502,80.264466,719,166,162.1791639099962
VIL_000059,अजमेर,GP_000015,GP_हैदराबाद,BLK_000001,Mandla,Mandla,Madhya Pradesh,22.425405,80.21063,1202,223,353.6951835540319
VIL_000060,चंडीगढ,GP_000015,GP_हैदराबाद,BLK_000001,Mandla,Mandla,Madhya Pradesh,22.411187,80.488532,604,106,269.43030902549054
VIL_000061,फतेहगढ,GP_000015,GP_हैदराबाद,BLK_000001,Mandla,Mandla,Madhya Pradesh,22.421344,80.003546,767,170,204.78210497373928
VIL_000062,फतेहगढ,GP_000016,GP_हैदराबाद,BLK_000001,Mandla,Mandla,Madhya Pradesh,22.553468,80.705667,1648,279,130.09754402950682
VIL_000063,धर्मापुरी,GP_000016,GP_हैदराबाद,BLK_000001,Mandla,Mandla,Madhya Pradesh,22.906485,80.903929,1617,277,247.6863938048767
VIL_000064,अमरपुर,GP_000016,GP_हैदराबाद,BLK_000001,Mandla,Mandla,Madhya Pradesh,22.64202,80.429787,585,113,459.592595497036
VIL_000065,अकोला,GP_000016,GP_हैदराबाद,BLK_000001,Mandla,Mandla,Madhya Pradesh,22.836898,80.860703,1232,229,199.81189568916977
VIL_000066,अलांग,GP_000016,GP_हैदराबाद,BLK_000001,Mandla,Mandla,Madhya Pradesh,22.282235,80.780116,1332,334,399.7910444574157
VIL_000067,अमरावती,GP_000017,GP_खडगपुर,BLK_000001,Mandla,Mandla,Madhya Pradesh,22.891685,80.976206,862,209,109.91454475927549
VIL_000068,चंबा,GP_000017,GP_खडगपुर,BLK_000001,Mandla,Mandla,Madhya Pradesh,22.789252,80.332185,1343,317,445.62561135011174
VIL_000069,दादरा और नगर हवेली,GP_000017,GP_खडगपुर,BLK_000001,Mandla,Mandla,Madhya Pradesh,22.848599,80.266806,1936,344,448.8667131624359
VIL_000070,धारवाड,GP_000018,GP_चंडीगढ,BLK_000001,Mandla,Mandla,Madhya Pradesh,22.377947,80.816587,1442,285,428.2145523886248
VIL_000071,अहमदनगर,GP_000018,GP_चंडीगढ,BLK_000001,Mandla,Mandla,Madhya Pradesh,22.897058,80.222924,1851,342,231.3047804790826
VIL_000072,अलांग,GP_000018,GP_चंडीगढ,BLK_000001,Mandla,Mandla,Madhya Pradesh,22.891482,80.966889,1071,212,303.76227021121497
VIL_000073,मोतिहारी,GP_000018,GP_चंडीगढ,BLK_000001,Mandla,Mandla,Madhya Pradesh,22.743614,80.843661,1178,292,146.13670074057103
VIL_000074,फतहपुर,GP_000019,GP_धारवाड,BLK_000001,Mandla,Mandla,Madhya Pradesh,22.342854,80.962534,1043,179,338.62850199509785
VIL_000075,जिलोंपर,GP_000019,GP_धारवाड,BLK_000001,Mandla,Mandla,Madhya Pradesh,22.47655,80.786428,1393,306,304.56922386779127
VIL_000076,चिपलुन,GP_000019,GP_धारवाड,BLK_000001,Mandla,Mandla,Madhya Pradesh,22.508156,80.576588,1021,176,274.4230061819889
VIL_000077,अम्बाजी,GP_000019,GP_धारवाड,BLK_000001,Mandla,Mandla,Madhya Pradesh,22.615936,80.806511,1906,437,396.78003113579064
VIL_000078,अलीगढ,GP_000020,GP_जिलोंपर,BLK_000001,Mandla,Mandla,Madhya Pradesh,22.357628,80.431297,1860,458,349.26216397856365
VIL_000079,खडगपुर,GP_000020,GP_जिलोंपर,BLK_000001,Mandla,Mandla,Madhya Pradesh,22.73071,80.124625,1115,235,366.75716164229186
VIL_000080,इलाहाबाद,GP_000020,GP_जिलोंपर,BLK_000001,Mandla,Mandla,Madhya Pradesh,22.460946,80.697208,1635,293,268.17853350916334
VIL_000081,जिलोंपर,GP_000020,GP_जिलोंपर,BLK_000001,Mandla,Mandla,Madhya Pradesh,22.952291,80.677318,856,188,220.37994982622612
VIL_000082,फतेहगढ,GP_000020,GP_जिलोंपर,BLK_000001,Mandla,Mandla,Madhya Pradesh,22.63835,80.000406,1087,202,414.303530991032
VIL_000083,अम्बाजी,GP_000021,GP_बहादुरगंज,BLK_000002,Nainpur,Mandla,Madhya Pradesh,22.457799,80.441786,1883,351,289.2744743637305
VIL_000084,अमरावती,GP_000021,GP_बहादुरगंज,BLK_000002,Nainpur,Mandla,Madhya Pradesh,22.920945,80.796025,847,189,213.514561997211
VIL_000085,बहादुरगंज,GP_000021,GP_बहादुरगंज,BLK_000002,Nainpur,Mandla,Madhya Pradesh,22.731083,80.619261,691,164,400.4552550162929
VIL_000086,दालखोला,GP_000021,GP_बहादुरगंज,BLK_000002,Nainpur,Mandla,Madhya Pradesh,22.738237,80.224641,907,164,118.48548723710337
VIL_000087,इलाहाबाद,GP_000021,GP_बहादुरगंज,BLK_000002,Nainpur,Mandla,Madhya Pradesh,22.987149,80.611274,649,134,454.4547636203926
VIL_000088,धारवाड,GP_000022,GP_अनंतनाग,BLK_000002,Nainpur,Mandla,Madhya Pradesh,22.355548,80.696354,1512,306,159.02853803651928
VIL_000089,देवगढ़,GP_000022,GP_अनंतनाग,BLK_000002,Nainpur,Mandla,Madhya Pradesh,22.750098,80.89266,718,168,187.53645472492775
VIL_000090,चिपलुन,GP_000022,GP_अनंतनाग,BLK_000002,Nainpur,Mandla,Madhya Pradesh,22.843288,80.695912,1451,250,199.67931186398866
VIL_000091,जिलोंपर,GP_000022,GP_अनंतनाग,BLK_000002,Nainpur,Mandla,Madhya Pradesh,22.878669,80.456462,1451,326,495.1569812265792
VIL_000092,चिरमिरी,GP_000022,GP_अनंतनाग,BLK_000002,Nainpur,Mandla,Madhya Pradesh,22.676362,80.95004,1406,309,387.70958451038683
VIL_000093,अनंतनाग,GP_000023,GP_अलीगढ,BLK_000002,Nainpur,Mandla,Madhya Pradesh,22.541393,80.906855,1413,345,397.462176863834
VIL_000094,चित्तूर,GP_000023,GP_अलीगढ,BLK_000002,Nainpur,Mandla,Madhya Pradesh,22.57974,80.259192,1006,241,210.9245412522962
VIL_000095,बहादुरगढ,GP_000023,GP_अलीगढ,BLK_000002,Nainpur,Mandla,Madhya Pradesh,22.82214,80.484597,989,189,130.99334154589434
VIL_000096,फतहपुर,GP_000023,GP_अलीगढ,BLK_000002,Nainpur,Mandla,Madhya Pradesh,22.428583,80.271715,1154,281,132.23106306306738
VIL_000097,चिरमिरी,GP_000023,GP_अलीगढ,BLK_000002,Nainpur,Mandla,Madhya Pradesh,22.320665,80.383035,812,185,125.69154028555123
VIL_000098,देवगढ़,GP_000024,GP_अनंतनाग,BLK_000002,Nainpur,Mandla,Madhya Pradesh,22.464705,80.465924,627,116,268.0574071093703
VIL_000099,अलांग,GP_000024,GP_अनंतनाग,BLK_000002,Nainpur,Mandla,Madhya Pradesh,22.923871,80.584079,1924,327,452.26266910312944
VIL_000100,रानीताल,GP_000024,GP_अनंतनाग,BLK_000002,Nainpur,Mandla,Madhya Pradesh,22.660552,80.47698,1220,236,255.99465922548754
VIL_000101,सभापतिने,GP_000024,GP_अनंतनाग,BLK_000002,Nainpur,Mandla,Madhya Pradesh,22.913313,80.835729,1602,371,318.4529238935356
VIL_000102,इलाहाबाद,GP_000025,GP_धारवाड,BLK_000002,Nainpur,Mandla,Madhya Pradesh,22.918249,80.488229,1058,217,111.6099279786861
VIL_000103,चित्रकूट,GP_000025,GP_धारवाड,BLK_000002,Nainpur,Mandla,Madhya Pradesh,22.468904,80.679142,1328,305,436.20226522502344
VIL_000104,अनंतनाग,GP_000025,GP_धारवाड,BLK_000002,Nainpur,Mandla,Madhya Pradesh,22.935633,80.980722,1593,272,257.6081025358819
VIL_000105,चित्तूर,GP_000025,GP_धारवाड,BLK_000002,Nainpur,Mandla,Madhya Pradesh,22.651514,80.027102,1816,372,446.740542238052
VIL_000106,बहादुरगंज,GP_000025,GP_धारवाड,BLK_000002,Nainpur,Mandla,Madhya Pradesh,22.345383,80.260156,1170,218,230.73832195252342
VIL_000107,चित्रदुर्ग,GP_000026,GP_इलाहाबाद,BLK_000002,Nainpur,Mandla,Madhya Pradesh,22.422605,80.951204,1363,258,132.762493104657
VIL_000108,फतेहपुर,GP_000026,GP_इलाहाबाद,BLK_000002,Nainpur,Mandla,Madhya Pradesh,22.215507,80.539419,1216,228,127.44734818110777
VIL_000109,चिराला,GP_000026,GP_इलाहाबाद,BLK_000002,Nainpur,Mandla,Madhya Pradesh,22.965828,80.040258,563,140,179.74427294501317
VIL_000110,देहरा,GP_000026,GP_इलाहाबाद,BLK_000002,Nainpur,Mandla,Madhya Pradesh,22.216304,80.152382,758,158,145.75577844372262
VIL_000111,बहादुरगढ,GP_000027,GP_भागलपुर,BLK_000002,Nainpur,Mandla,Madhya Pradesh,22.572027,80.256244,1255,229,342.8989975563727
VIL_000112,हैदराबाद,GP_000027,GP_भागलपुर,BLK_000002,Nainpur,Mandla,Madhya Pradesh,22.798341,80.114533,835,208,143.23949986304262
VIL_000113,बहादुरगढ,GP_000027,GP_भागलपुर,BLK_000002,Nainpur,Mandla,Madhya Pradesh,22.220543,80.311957,1887,462,250.12278377012737
VIL_000114,बहादुरगंज,GP_000028,GP_अनंतनाग,BLK_000002,Nainpur,Mandla,Madhya Pradesh,22.358664,80.592098,1784,337,378.87720099830887
VIL_000115,चिपलुन,GP_000028,GP_अनंतनाग,BLK_000002,Nainpur,Mandla,Madhya Pradesh,22.441266,80.684259,747,176,326.37302214692636
VIL_000116,अमरपुर,GP_000028,GP_अनंतनाग,BLK_000002,Nainpur,Mandla,Madhya Pradesh,22.232855,80.532745,1854,370,302.3843158708312
VIL_000117,देवास,GP_000028,GP_अनंतनाग,BLK_000002,Nainpur,Mandla,Madhya Pradesh,22.472985,80.849576,1503,266,484.31502688583146
VIL_000118,मोकोकचुंग,GP_000028,GP_अनंतनाग,BLK_000002,Nainpur,Mandla,Madhya Pradesh,22.708468,80.828707,1948,353,170.45478443442374
VIL_000119,अकोला,GP_000029,GP_अमरोहा,BLK_000002,Nainpur,Mandla,Madhya Pradesh,22.972379,80.270082,1602,374,285.94950865380315
VIL_000120,जिससेबेलारी,GP_000029,GP_अमरोहा,BLK_000002,Nainpur,Mandla,Madhya Pradesh,22.860588,80.592475,1160,279,432.29240755624136
VIL_000121,जिलोंपर,GP_000029,GP_अमरोहा,BLK_000002,Nainpur,Mandla,Madhya Pradesh,22.26933,80.881631,999,231,327.93985787132885
VIL_000122,अमरोहा,GP_000029,GP_अमरोहा,BLK_000002,Nainpur,Mandla,Madhya Pradesh,22.734551,80.336397,1512,363,172.73594286307673
VIL_000123,हैदराबाद,GP_000029,GP_अमरोहा,BLK_000002,Nainpur,Mandla,Madhya Pradesh,22.369696,80.797832,1197,230,338.46200317497176
VIL_000124,अजमेर,GP_000030,GP_फतहपुर,BLK_000002,Nainpur,Mandla,Madhya Pradesh,22.644633,80.516627,891,156,388.0298656416777
VIL_000125,दादरा और नगर हवेली,GP_000030,GP_फतहपुर,BLK_000002,Nainpur,Mandla,Madhya Pradesh,22.590862,80.758165,1914,399,384.73696258908905
VIL_000126,फतेहपुर,GP_000030,GP_फतहपुर,BLK_000002,Nainpur,Mandla,Madhya Pradesh,22.55854,80.017243,1102,206,376.71486211808076
VIL_000127,चंडीगढ,GP_000030,GP_फतहपुर,BLK_000002,Nainpur,Mandla,Madhya Pradesh,22.444965,80.581556,1469,316,237.50295765848102
VIL_000128,देवगढ़,GP_000031,GP_भागलपुर,BLK_000002,Nainpur,Mandla,Madhya Pradesh,22.640311,80.351811,1429,273,200.5614704803766
VIL_000129,हैदराबाद,GP_000031,GP_भागलपुर,BLK_000002,Nainpur,Mandla,Madhya Pradesh,22.296525,80.192584,744,172,480.3510241573739
VIL_000130,चित्रकूट,GP_000031,GP_भागलपुर,BLK_000002,Nainpur,Mandla,Madhya Pradesh,22.752131,80.191541,1491,286,335.8347623843164
VIL_000131,दादरा और नगर हवेली,GP_000031,GP_भागलपुर,BLK_000002,Nainpur,Mandla,Madhya Pradesh,22.808166,80.596791,705,168,218.4985853060578
VIL_000132,फतहपुर,GP_000031,GP_भागलपुर,BLK_000002,Nainpur,Mandla,Madhya Pradesh,22.488705,80.302268,1950,416,209.72453071330693
VIL_000133,इलाहाबाद,GP_000032,GP_मोकोकचुंग,BLK_000002,Nainpur,Mandla,Madhya Pradesh,22.642687,80.697417,758,168,401.1168703165015
VIL_000134,चिराला,GP_000032,GP_मोकोकचुंग,BLK_000002,Nainpur,Mandla,Madhya Pradesh,22.28207,80.012265,1082,225,276.1875192544041
VIL_000135,चिरमिरी,GP_000032,GP_मोकोकचुंग,BLK_000002,Nainpur,Mandla,Madhya Pradesh,22.347491,80.051377,1478,263,126.13737404557298
VIL_000136,अलीगढ,GP_000033,GP_अहमदाबाद,BLK_000002,Nainpur,Mandla,Madhya Pradesh,22.259266,80.629446,609,110,424.456830510019
VIL_000137,अम्बाजी,GP_000033,GP_अहमदाबाद,BLK_000002,Nainpur,Mandla,Madhya Pradesh,22.959301,80.085181,1008,180,405.7773781304777
VIL_000138,दालखोला,GP_000033,GP_अहमदाबाद,BLK_000002,Nainpur,Mandla,Madhya Pradesh,22.685054,80.790741,962,225,252.15121045861974
VIL_000139,अकोला,GP_000033,GP_अहमदाबाद,BLK_000002,Nainpur,Mandla,Madhya Pradesh,22.926804,80.297353,1705,430,222.15209772774415
VIL_000140,चित्रदुर्ग,GP_000034,GP_अहमदनगर,BLK_000002,Nainpur,Mandla,Madhya Pradesh,22.248184,80.960109,703,174,183.1151623294205
VIL_000141,इलाहाबाद,GP_000034,GP_अहमदनगर,BLK_000002,Nainpur,Mandla,Madhya Pradesh,22.36882,80.660428,821,155,320.7968982311036
VIL_000142,चित्रदुर्ग,GP_000034,GP_अहमदनगर,BLK_000002,Nainpur,Mandla,Madhya Pradesh,22.325226,80.408518,1911,418,216.50371561241104
VIL_000143,मुंबई,GP_000034,GP_अहमदनगर,BLK_000002,Nainpur,Mandla,Madhya Pradesh,22.385181,80.706956,1939,467,128.4719040613917
VIL_000144,अनन्तपुर,GP_000034,GP_अहमदनगर,BLK_000002,Nainpur,Mandla,Madhya Pradesh,22.386739,80.264555,1780,388,421.5622721125735
VIL_000145,अमरावती,GP_000035,GP_अमरपुर,BLK_000002,Nainpur,Mandla,Madhya Pradesh,22.540111,80.544562,1826,331,206.2529886562561
VIL_000146,देवगढ़,GP_000035,GP_अमरपुर,BLK_000002,Nainpur,Mandla,Madhya Pradesh,22.313789,80.059638,1129,247,429.6961205280037
VIL_000147,फतहपुर,GP_000035,GP_अमरपुर,BLK_000002,Nainpur,Mandla,Madhya Pradesh,22.936954,80.439153,1459,330,379.8934739902869
VIL_000148,अखनूर,GP_000036,GP_चंडीगढ,BLK_000002,Nainpur,Mandla,Madhya Pradesh,22.600378,80.493795,664,145,455.76915571698146
VIL_000149,जिलोंपर,GP_000036,GP_चंडीगढ,BLK_000002,Nainpur,Mandla,Madhya Pradesh,22.787627,80.603714,552,97,484.7644408771347
VIL_000150,दादरा और नगर हवेली,GP_000036,GP_चंडीगढ,BLK_000002,Nainpur,Mandla,Madhya Pradesh,22.868767,80.575199,542,137,368.9126337212957
VIL_000151,हैदराबाद,GP_000036,GP_चंडीगढ,BLK_000002,Nainpur,Mandla,Madhya Pradesh,22.415609,80.040232,858,178,360.60379577347453
VIL_000152,देहरा,GP_000037,GP_अलांग,BLK_000002,Nainpur,Mandla,Madhya Pradesh,22.345191,80.58533,1800,427,487.6220944262815
VIL_000153,खडगपुर,GP_000037,GP_अलांग,BLK_000002,Nainpur,Mandla,Madhya Pradesh,22.576008,80.408348,1157,260,443.09323776014105
VIL_000154,पाकाला,GP_000037,GP_अलांग,BLK_000002,Nainpur,Mandla,Madhya Pradesh,22.463843,80.693674,1090,244,260.18090192546254
VIL_000155,सभापतिने,GP_000037,GP_अलांग,BLK_000002,Nainpur,Mandla,Madhya Pradesh,22.8084,80.036697,680,132,229.30951451039786
VIL_000156,लखनऊ,GP_000038,GP_रानीताल,BLK_000002,Nainpur,Mandla,Madhya Pradesh,22.891928,80.824927,502,112,317.037437742878
VIL_000157,मोकोकचुंग,GP_000038,GP_रानीताल,BLK_000002,Nainpur,Mandla,Madhya Pradesh,22.530598,80.187583,1240,274,299.39724095287545
VIL_000158,अमरोहा,GP_000038,GP_रानीताल,BLK_000002,Nainpur,Mandla,Madhya Pradesh,22.553633,80.051612,1046,224,471.0691043377791
VIL_000159,दादरा और नगर हवेली,GP_000038,GP_रानीताल,BLK_000002,Nainpur,Mandla,Madhya Pradesh,22.550493,80.69825,748,128,352.0089108016242
VIL_000160,अनन्तपुर,GP_000039,GP_देवगढ़,BLK_000002,Nainpur,Mandla,Madhya Pradesh,22.767826,80.31075,528,113,137.283680512609
VIL_000161,अन्तर्गत,GP_000039,GP_देवगढ़,BLK_000002,Nainpur,Mandla,Madhya Pradesh,22.993806,80.91293,1445,359,359.0838755135035
VIL_000162,मोकोकचुंग,GP_000039,GP_देवगढ़,BLK_000002,Nainpur,Mandla,Madhya Pradesh,22.323177,80.932653,1097,232,209.36995868530968
VIL_000163,देवगढ़,GP_000040,GP_देवगढ़,BLK_000003,Bijadandi,Mandla,Madhya Pradesh,22.394985,80.551265,1285,237,339.75103946996
VIL_000164,अलांग,GP_000040,GP_देवगढ़,BLK_000003,Bijadandi,Mandla,Madhya Pradesh,22.797034,80.136508,642,123,416.0024728012454
VIL_000165,अन्तर्गत,GP_000040,GP_देवगढ़,BLK_000003,Bijadandi,Mandla,Madhya Pradesh,22.531954,80.934248,1539,294,101.02610374343088
VIL_000166,चिरमिरी,GP_000040,GP_देवगढ़,BLK_000003,Bijadandi,Mandla,Madhya Pradesh,22.780841,80.837476,1687,426,295.8561386622804
VIL_000167,अमरपुर,GP_000041,GP_जिलोंपर,BLK_000003,Bijadandi,Mandla,Madhya Pradesh,22.557238,80.484341,1180,254,317.3720251834692
VIL_000168,रानीताल,GP_000041,GP_जिलोंपर,BLK_000003,Bijadandi,Mandla,Madhya Pradesh,22.564276,80.321777,886,222,195.52221766649973
VIL_000169,भागलपुर,GP_000041,GP_जिलोंपर,BLK_000003,Bijadandi,Mandla,Madhya Pradesh,22.506377,80.856013,1341,231,397.8820606260784
VIL_000170,चित्तूर,GP_000042,GP_बहादुरगढ,BLK_000003,Bijadandi,Mandla,Madhya Pradesh,22.930744,80.381231,1859,437,360.80760056024235
VIL_000171,फतेहगढ,GP_000042,GP_बहादुरगढ,BLK_000003,Bijadandi,Mandla,Madhya Pradesh,22.321684,80.964824,758,160,336.07217172382684
VIL_000172,चिराला,GP_000042,GP_बहादुरगढ,BLK_000003,Bijadandi,Mandla,Madhya Pradesh,22.89576,80.87419,1401,248,464.1766710785868
VIL_000173,चिराला,GP_000042,GP_बहादुरगढ,BLK_000003,Bijadandi,Mandla,Madhya Pradesh,22.212278,80.144155,1840,461,129.93129929748352
VIL_000174,अमरोहा,GP_000042,GP_बहादुरगढ,BLK_000003,Bijadandi,Mandla,Madhya Pradesh,22.82522,80.265023,1776,403,359.934661031709
VIL_000175,बहादुरगंज,GP_000043,GP_अमरपुर,BLK_000003,Bijadandi,Mandla,Madhya Pradesh,22.881873,80.859342,1278,318,350.71967160319514
VIL_000176,चंडीगढ,GP_000043,GP_अमरपुर,BLK_000003,Bijadandi,Mandla,Madhya Pradesh,22.909951,80.487947,1608,276,127.36829887262058
VIL_000177,अमरोहा,GP_000043,GP_अमरपुर,BLK_000003,Bijadandi,Mandla,Madhya Pradesh,22.704929,80.920929,965,223,273.58858876925024
VIL_000178,अलीगढ,GP_000043,GP_अमरपुर,BLK_000003,Bijadandi,Mandla,Madhya Pradesh,22.278755,80.633748,705,145,377.6004651172938
VIL_000179,फतहपुर,GP_000044,GP_फतेहपुर,BLK_000003,Bijadandi,Mandla,Madhya Pradesh,22.236793,80.796143,1100,218,272.27471514216
VIL_000180,अमरोहा,GP_000044,GP_फतेहपुर,BLK_000003,Bijadandi,Mandla,Madhya Pradesh,22.395358,80.412052,1896,446,167.99345962723896
VIL_000181,खडगपुर,GP_000044,GP_फतेहपुर,BLK_000003,Bijadandi,Mandla,Madhya Pradesh,22.263175,80.87084,1769,400,299.06690094718044
VIL_000182,सभापतिने,GP_000045,GP_असम,BLK_000003,Bijadandi,Mandla,Madhya Pradesh,22.314494,80.46115,1020,211,366.7362869065923
VIL_000183,अनन्तपुर,GP_000045,GP_असम,BLK_000003,Bijadandi,Mandla,Madhya Pradesh,22.919127,80.465253,1089,245,163.19024882871477
VIL_000184,खडगपुर,GP_000045,GP_असम,BLK_000003,Bijadandi,Mandla,Madhya Pradesh,22.553384,80.345566,1703,330,484.8116291293768
VIL_000185,फतहपुर,GP_000045,GP_असम,BLK_000003,Bijadandi,Mandla,Madhya Pradesh,22.752251,80.456836,1118,207,253.8772995869382
VIL_000186,अन्तर्गत,GP_000045,GP_असम,BLK_000003,Bijadandi,Mandla,Madhya Pradesh,22.586566,80.237206,1671,332,218.34895608631382
VIL_000187,धारवाड,GP_000046,GP_मुंबई,BLK_000003,Bijadandi,Mandla,Madhya Pradesh,22.436185,80.977944,1848,373,103.2391863045961
VIL_000188,अमरोहा,GP_000046,GP_मुंबई,BLK_000003,Bijadandi,Mandla,Madhya Pradesh,22.892054,80.778312,600,147,398.06886165358804
VIL_000189,चित्रकूट,GP_000046,GP_मुंबई,BLK_000003,Bijadandi,Mandla,Madhya Pradesh,22.866271,80.902935,971,213,240.9283823341266
VIL_000190,असम,GP_000046,GP_मुंबई,BLK_000003,Bijadandi,Mandla,Madhya Pradesh,22.709294,80.620891,1888,438,406.98830979818564
VIL_000191,धारवाड,GP_000046,GP_मुंबई,BLK_000003,Bijadandi,Mandla,Madhya Pradesh,22.744684,80.136779,698,170,358.5362435562091
VIL_000192,अगरतला,GP_000047,GP_देवास,BLK_000003,Bijadandi,Mandla,Madhya Pradesh,22.830888,80.033365,1247,287,136.05335029848757
VIL_000193,भद्रक,GP_000047,GP_देवास,BLK_000003,Bijadandi,Mandla,Madhya Pradesh,22.436088,80.747481,859,159,414.6051244122021
VIL_000194,मोकोकचुंग,GP_000047,GP_देवास,BLK_000003,Bijadandi,Mandla,Madhya Pradesh,22.901168,80.365858,1527,375,432.1890478269589
VIL_000195,फतेहपुर,GP_000047,GP_देवास,BLK_000003,Bijadandi,Mandla,Madhya Pradesh,22.405576,80.82469,1486,371,218.05657966899673
VIL_000196,बचेली,GP_000048,GP_दालखोला,BLK_000003,Bijadandi,Mandla,Madhya Pradesh,22.843386,80.468331,654,118,486.6000837851008
VIL_000197,मोतिहारी,GP_000048,GP_दालखोला,BLK_000003,Bijadandi,Mandla,Madhya Pradesh,22.888112,80.724217,1313,328,421.83505760822476
VIL_000198,अनंतनाग,GP_000048,GP_दालखोला,BLK_000003,Bijadandi,Mandla,Madhya Pradesh,22.49262,80.790682,528,100,149.43549470539693
VIL_000199,पाकाला,GP_000048,GP_दालखोला,BLK_000003,Bijadandi,Mandla,Madhya Pradesh,22.494869,80.749012,1036,225,428.9669204907097
VIL_000200,धर्मापुरी,GP_000049,GP_देवास,BLK_000003,Bijadandi,Mandla,Madhya Pradesh,22.286677,80.233822,551,121,477.2676544231396
VIL_000201,भागलपुर,GP_000049,GP_देवास,BLK_000003,Bijadandi,Mandla,Madhya Pradesh,22.462405,80.610082,1826,317,429.54214055617905
VIL_000202,विस्तारण,GP_000049,GP_देवास,BLK_000003,Bijadandi,Mandla,Madhya Pradesh,22.92751,80.30219,1336,238,118.13872440535285
VIL_000203,चिपलुन,GP_000049,GP_देवास,BLK_000003,Bijadandi,Mandla,Madhya Pradesh,22.22977,80.995927,737,130,454.9037234114009
VIL_000204,आदिलाबाद,GP_000050,GP_अगरतला,BLK_000003,Bijadandi,Mandla,Madhya Pradesh,22.510917,80.371012,1926,478,267.6507013658891
VIL_000205,अहमदाबाद,GP_000050,GP_अगरतला,BLK_000003,Bijadandi,Mandla,Madhya Pradesh,22.793815,80.154523,1349,302,433.4772333185286
VIL_000206,हैदराबाद,GP_000050,GP_अगरतला,BLK_000003,Bijadandi,Mandla,Madhya Pradesh,22.692522,80.939053,1072,183,248.21198349377417
VIL_000207,दालखोला,GP_000051,GP_अमरोहा,BLK_000003,Bijadandi,Mandla,Madhya Pradesh,22.555757,80.236113,1242,219,374.2721061925141
VIL_000208,फतहपुर,GP_000051,GP_अमरोहा,BLK_000003,Bijadandi,Mandla,Madhya Pradesh,22.635573,80.977843,1234,214,210.35257634463474
VIL_000209,चक्रधरपुर,GP_000051,GP_अमरोहा,BLK_000003,Bijadandi,Mandla,Madhya Pradesh,22.974566,80.949011,1431,252,184.84232616932528
VIL_000210,धारवाड,GP_000051,GP_अमरोहा,BLK_000003,Bijadandi,Mandla,Madhya Pradesh,22.711594,80.971093,603,141,197.42755886560946
VIL_000211,अम्बाजी,GP_000052,GP_देवगढ़,BLK_000003,Bijadandi,Mandla,Madhya Pradesh,22.829582,80.205206,1635,304,186.3805407674699
VIL_000212,फतेहगढ,GP_000052,GP_देवगढ़,BLK_000003,Bijadandi,Mandla,Madhya Pradesh,22.895756,80.32856,802,188,338.392654069768
VIL_000213,अनंतनाग,GP_000052,GP_देवगढ़,BLK_000003,Bijadandi,Mandla,Madhya Pradesh,22.42182,80.984028,766,164,419.4055294230494
VIL_000214,देहरा,GP_000053,GP_धर्मापुरी,BLK_000003,Bijadandi,Mandla,Madhya Pradesh,22.728846,80.02578,530,105,415.37261378148673
VIL_000215,अन्तर्गत,GP_000053,GP_धर्मापुरी,BLK_000003,Bijadandi,Mandla,Madhya Pradesh,22.671082,80.015781,1043,180,396.6872227816598
VIL_000216,अलीगढ,GP_000053,GP_धर्मापुरी,BLK_000003,Bijadandi,Mandla,Madhya Pradesh,22.620868,80.745665,1475,304,244.81558952700482
VIL_000217,आदिलाबाद,GP_000054,GP_अमरोहा,BLK_000003,Bijadandi,Mandla,Madhya Pradesh,22.287243,80.503839,1759,303,413.2907983921518
VIL_000218,सभापतिने,GP_000054,GP_अमरोहा,BLK_000003,Bijadandi,Mandla,Madhya Pradesh,22.893585,80.521451,1438,320,112.46025580413756
VIL_000219,मोकामा,GP_000054,GP_अमरोहा,BLK_000003,Bijadandi,Mandla,Madhya Pradesh,22.998869,80.847299,1373,311,296.10754165769015
VIL_000220,मोकोकचुंग,GP_000054,GP_अमरोहा,BLK_000003,Bijadandi,Mandla,Madhya Pradesh,22.927761,80.073491,665,130,159.33353026414582
VIL_000221,भद्रक,GP_000054,GP_अमरोहा,BLK_000003,Bijadandi,Mandla,Madhya Pradesh,22.300953,80.624317,1698,365,230.07417732746717
VIL_000222,खडगपुर,GP_000055,GP_लखनऊ,BLK_000003,Bijadandi,Mandla,Madhya Pradesh,22.624445,80.453715,1739,356,417.2384372406584
VIL_000223,रानीताल,GP_000055,GP_लखनऊ,BLK_000003,Bijadandi,Mandla,Madhya Pradesh,22.291531,80.654713,1629,373,186.00922653099877
VIL_000224,चंडीगढ,GP_000055,GP_लखनऊ,BLK_000003,Bijadandi,Mandla,Madhya Pradesh,22.561244,80.228494,1194,284,259.49207370278134
VIL_000225,लखनऊ,GP_000055,GP_लखनऊ,BLK_000003,Bijadandi,Mandla,Madhya Pradesh,22.78369,80.312548,1140,256,249.72040937421474
VIL_000226,विस्तारण,GP_000055,GP_लखनऊ,BLK_000003,Bijadandi,Mandla,Madhya Pradesh,22.322111,80.922985,637,112,134.14574293264775
VIL_000227,आदिलाबाद,GP_000056,GP_देवगढ़,BLK_000003,Bijadandi,Mandla,Madhya Pradesh,22.277252,80.738796,766,165,334.58603309579075
VIL_000228,देहरा,GP_000056,GP_देवगढ़,BLK_000003,Bijadandi,Mandla,Madhya Pradesh,22.649269,80.329646,750,152,449.4429488937274
VIL_000229,अनंतनाग,GP_000056,GP_देवगढ़,BLK_000003,Bijadandi,Mandla,Madhya Pradesh,22.952904,80.422937,1976,341,215.0517630589309
VIL_000230,दादरा और नगर हवेली,GP_000056,GP_देवगढ़,BLK_000003,Bijadandi,Mandla,Madhya Pradesh,22.449959,80.103601,1539,287,362.69452119526085
VIL_000231,फतेहपुर,GP_000057,GP_मुंबई,BLK_000004,Mawai,Mandla,Madhya Pradesh,22.480091,80.556265,735,171,329.64000173258506
VIL_000232,मोतिहारी,GP_000057,GP_मुंबई,BLK_000004,Mawai,Mandla,Madhya Pradesh,22.845777,80.845155,1773,390,357.07966553193256
VIL_000233,दालखोला,GP_000057,GP_मुंबई,BLK_000004,Mawai,Mandla,Madhya Pradesh,22.221003,80.929084,1920,367,172.16642878434175
VIL_000234,अहमदाबाद,GP_000058,GP_मोकोकचुंग,BLK_000004,Mawai,Mandla,Madhya Pradesh,22.809928,80.921538,1218,206,447.94508261457526
VIL_000235,देवगढ़,GP_000058,GP_मोकोकचुंग,BLK_000004,Mawai,Mandla,Madhya Pradesh,22.653057,80.400784,790,182,488.7241275032076
VIL_000236,अलांग,GP_000058,GP_मोकोकचुंग,BLK_000004,Mawai,Mandla,Madhya Pradesh,22.273406,80.530483,1270,259,236.35839270773312
VIL_000237,अनंतनाग,GP_000058,GP_मोकोकचुंग,BLK_000004,Mawai,Mandla,Madhya Pradesh,22.496042,80.721596,1662,364,453.3368738073373
VIL_000238,आदिलाबाद,GP_000058,GP_मोकोकचुंग,BLK_000004,Mawai,Mandla,Madhya Pradesh,22.324464,80.754436,601,135,208.84113741848756
VIL_000239,देवगढ़,GP_000059,GP_मोतिहारी,BLK_000004,Mawai,Mandla,Madhya Pradesh,22.539212,80.607076,1348,258,401.9772574673483
VIL_000240,फतेहपुर,GP_000059,GP_मोतिहारी,BLK_000004,Mawai,Mandla,Madhya Pradesh,22.291054,80.429914,1080,244,337.2537001569055
VIL_000241,भद्रक,GP_000059,GP_मोतिहारी,BLK_000004,Mawai,Mandla,Madhya Pradesh,22.621547,80.308419,951,192,339.72998277778015
VIL_000242,चिरमिरी,GP_000059,GP_मोतिहारी,BLK_000004,Mawai,Mandla,Madhya Pradesh,22.20615,80.301419,932,217,405.66435830449905
VIL_000243,चित्तूर,GP_000059,GP_मोतिहारी,BLK_000004,Mawai,Mandla,Madhya Pradesh,22.431558,80.119984,1518,351,170.27792075033693
VIL_000244,चित्रदुर्ग,GP_000060,GP_चंडीगढ,BLK_000004,Mawai,Mandla,Madhya Pradesh,22.626066,80.230111,1644,392,422.4800746267055
VIL_000245,करना,GP_000060,GP_चंडीगढ,BLK_000004,Mawai,Mandla,Madhya Pradesh,22.25766,80.861764,586,120,283.90170014251
VIL_000246,फतेहगढ,GP_000060,GP_चंडीगढ,BLK_000004,Mawai,Mandla,Madhya Pradesh,22.26229,80.313061,1379,299,383.79958462757367
VIL_000247,बचेली,GP_000060,GP_चंडीगढ,BLK_000004,Mawai,Mandla,Madhya Pradesh,22.534155,80.115173,542,135,168.7492722312276
VIL_000248,चंडीगढ,GP_000061,GP_चित्रकूट,BLK_000004,Mawai,Mandla,Madhya Pradesh,22.568078,80.68961,1241,218,437.7937439258788
VIL_000249,अनंतनाग,GP_000061,GP_चित्रकूट,BLK_000004,Mawai,Mandla,Madhya Pradesh,22.394653,80.588871,1573,275,448.2097664781647
VIL_000250,चंबा,GP_000061,GP_चित्रकूट,BLK_000004,Mawai,Mandla,Madhya Pradesh,22.796644,80.221572,844,147,353.2898667872746
VIL_000251,मोकोकचुंग,GP_000061,GP_चित्रकूट,BLK_000004,Mawai,Mandla,Madhya Pradesh,22.624484,80.193904,1215,240,483.2893395988601
VIL_000252,बहादुरगंज,GP_000061,GP_चित्रकूट,BLK_000004,Mawai,Mandla,Madhya Pradesh,22.716354,80.14769,710,128,178.9087211295933
VIL_000253,सभापतिने,GP_000062,GP_बचेली,BLK_000004,Mawai,Mandla,Madhya Pradesh,22.322296,80.759152,654,120,409.1392356990241
VIL_000254,देवास,GP_000062,GP_बचेली,BLK_000004,Mawai,Mandla,Madhya Pradesh,22.595294,80.754446,1686,348,469.66170335426375
VIL_000255,जिससेबेलारी,GP_000062,GP_बचेली,BLK_000004,Mawai,Mandla,Madhya Pradesh,22.651593,80.635298,1779,348,488.3892256832641
VIL_000256,अमरपुर,GP_000062,GP_बचेली,BLK_000004,Mawai,Mandla,Madhya Pradesh,22.452911,80.439763,1460,300,221.12817405560517
VIL_000257,अजमेर,GP_000062,GP_बचेली,BLK_000004,Mawai,Mandla,Madhya Pradesh,22.419739,80.056172,1539,269,284.69699457858167
VIL_000258,चिराला,GP_000063,GP_भद्रक,BLK_000004,Mawai,Mandla,Madhya Pradesh,22.245512,80.831697,657,146,490.9474130132597
VIL_000259,अजमेर,GP_000063,GP_भद्रक,BLK_000004,Mawai,Mandla,Madhya Pradesh,22.272237,80.59408,1287,267,321.72654853532157
VIL_000260,अहमदनगर,GP_000063,GP_भद्रक,BLK_000004,Mawai,Mandla,Madhya Pradesh,22.833454,80.895877,1421,348,328.66267458152015
VIL_000261,अन्तर्गत,GP_000064,GP_देवगढ़,BLK_000004,Mawai,Mandla,Madhya Pradesh,22.457221,80.475629,808,201,280.2092436060365
VIL_000262,अहमदाबाद,GP_000064,GP_देवगढ़,BLK_000004,Mawai,Mandla,Madhya Pradesh,22.848773,80.837377,1962,344,358.45083645748764
VIL_000263,चित्तूर,GP_000064,GP_देवगढ़,BLK_000004,Mawai,Mandla,Madhya Pradesh,22.231314,80.707622,1399,297,343.92216252906974
VIL_000264,विस्तारण,GP_000065,GP_अलीगढ,BLK_000004,Mawai,Mandla,Madhya Pradesh,22.498282,80.282894,1337,312,371.5590882238324
VIL_000265,अलांग,GP_000065,GP_अलीगढ,BLK_000004,Mawai,Mandla,Madhya Pradesh,22.241892,80.630887,1185,206,137.80237900603774
VIL_000266,दालखोला,GP_000065,GP_अलीगढ,BLK_000004,Mawai,Mandla,Madhya Pradesh,22.742703,80.284147,1982,476,485.76401146156394
VIL_000267,अलीगढ,GP_000065,GP_अलीगढ,BLK_000004,Mawai,Mandla,Madhya Pradesh,22.682161,80.150373,666,145,156.57135223372714
VIL_000268,बहादुरगंज,GP_000066,GP_मोतिहारी,BLK_000004,Mawai,Mandla,Madhya Pradesh,22.448185,80.656055,1856,374,338.0164912606299
VIL_000269,देवगढ़,GP_000066,GP_मोतिहारी,BLK_000004,Mawai,Mandla,Madhya Pradesh,22.950402,80.309582,1271,283,231.39062170143362
VIL_000270,मुंबई,GP_000066,GP_मोतिहारी,BLK_000004,Mawai,Mandla,Madhya Pradesh,22.302235,80.702831,1903,467,137.3811860264087
VIL_000271,जिससेबेलारी,GP_000066,GP_मोतिहारी,BLK_000004,Mawai,Mandla,Madhya Pradesh,22.736365,80.508488,537,107,172.10516915073785
VIL_000272,फतहपुर,GP_000067,GP_पाकाला,BLK_000004,Mawai,Mandla,Madhya Pradesh,22.473386,80.766156,893,167,155.02614127083172
VIL_000273,बहादुरगढ,GP_000067,GP_पाकाला,BLK_000004,Mawai,Mandla,Madhya Pradesh,22.261732,80.844428,707,149,315.90830336546844
VIL_000274,चिपलुन,GP_000067,GP_पाकाला,BLK_000004,Mawai,Mandla,Madhya Pradesh,22.790915,80.526532,1855,365,406.52304177889664
VIL_000275,आदिलाबाद,GP_000068,GP_मुंबई,BLK_000004,Mawai,Mandla,Madhya Pradesh,22.677797,80.154253,870,207,408.43912549239536
VIL_000276,देवगढ़,GP_000068,GP_मुंबई,BLK_000004,Mawai,Mandla,Madhya Pradesh,22.847235,80.165539,1396,240,245.71976565230761
VIL_000277,मुंबई,GP_000068,GP_मुंबई,BLK_000004,Mawai,Mandla,Madhya Pradesh,22.775669,80.969589,1750,337,399.41460723817454
VIL_000278,भद्रक,GP_000069,GP_जिलोंपर,BLK_000004,Mawai,Mandla,Madhya Pradesh,22.387202,80.239168,1460,357,177.60647048902794
VIL_000279,चित्रकूट,GP_000069,GP_जिलोंपर,BLK_000004,Mawai,Mandla,Madhya Pradesh,22.742645,80.570419,1402,291,212.70869308151018
VIL_000280,पाकाला,GP_000069,GP_जिलोंपर,BLK_000004,Mawai,Mandla,Madhya Pradesh,22.505498,80.52746,831,197,420.50368966061905
VIL_000281,चिरमिरी,GP_000069,GP_जिलोंपर,BLK_000004,Mawai,Mandla,Madhya Pradesh,22.310719,80.250003,1813,379,248.48484264177304
VIL_000282,रानीताल,GP_000070,GP_मोकोकचुंग,BLK_000005,Ghughari,Mandla,Madhya Pradesh,22.876714,80.851166,1083,190,164.12493369815138
VIL_000283,आदिलाबाद,GP_000070,GP_मोकोकचुंग,BLK_000005,Ghughari,Mandla,Madhya Pradesh,22.559455,80.513353,1395,246,464.2019814909637
VIL_000284,आदिलाबाद,GP_000070,GP_मोकोकचुंग,BLK_000005,Ghughari,Mandla,Madhya Pradesh,22.853363,80.88463,554,112,258.5815861880991
VIL_000285,मुंबई,GP_000070,GP_मोकोकचुंग,BLK_000005,Ghughari,Mandla,Madhya Pradesh,22.499169,80.386166,667,133,111.27501821126002
VIL_000286,अजमेर,GP_000070,GP_मोकोकचुंग,BLK_000005,Ghughari,Mandla,Madhya Pradesh,22.944661,80.839176,1831,360,158.419722728728
VIL_000287,देहरा,GP_000071,GP_बहादुरगंज,BLK_000005,Ghughari,Mandla,Madhya Pradesh,22.429504,80.829762,1925,459,403.5364619062429
VIL_000288,इलाहाबाद,GP_000071,GP_बहादुरगंज,BLK_000005,Ghughari,Mandla,Madhya Pradesh,22.575288,80.615348,662,112,186.26189778734175
VIL_000289,भागलपुर,GP_000071,GP_बहादुरगंज,BLK_000005,Ghughari,Mandla,Madhya Pradesh,22.319616,80.940226,1746,372,144.47474412969535
VIL_000290,बहादुरगढ,GP_000072,GP_जिससेबेलारी,BLK_000005,Ghughari,Mandla,Madhya Pradesh,22.390112,80.121848,988,201,417.55964345577524
VIL_000291,फतेहगढ,GP_000072,GP_जिससेबेलारी,BLK_000005,Ghughari,Mandla,Madhya Pradesh,22.565691,80.110858,1523,333,106.57414088235777
VIL_000292,बहादुरगढ,GP_000072,GP_जिससेबेलारी,BLK_000005,Ghughari,Mandla,Madhya Pradesh,22.612301,80.241938,794,153,100.62573437335959
VIL_000293,अखनूर,GP_000072,GP_जिससेबेलारी,BLK_000005,Ghughari,Mandla,Madhya Pradesh,22.482253,80.570664,883,198,134.2455819949047
VIL_000294,अनन्तपुर,GP_000073,GP_चित्रदुर्ग,BLK_000005,Ghughari,Mandla,Madhya Pradesh,22.254143,80.526059,1539,361,303.0490355317353
VIL_000295,आदिलाबाद,GP_000073,GP_चित्रदुर्ग,BLK_000005,Ghughari,Mandla,Madhya Pradesh,22.216267,80.873331,589,130,492.4157690206241
VIL_000296,अहमदाबाद,GP_000073,GP_चित्रदुर्ग,BLK_000005,Ghughari,Mandla,Madhya Pradesh,22.40292,80.016242,638,126,393.1764085802567
VIL_000297,चंबा,GP_000073,GP_चित्रदुर्ग,BLK_000005,Ghughari,Mandla,Madhya Pradesh,22.702606,80.771501,1180,212,240.9196184456758
VIL_000298,असम,GP_000074,GP_आदिलाबाद,BLK_000005,Ghughari,Mandla,Madhya Pradesh,22.850807,80.175089,1902,395,378.1557007984256
VIL_000299,अमरपुर,GP_000074,GP_आदिलाबाद,BLK_000005,Ghughari,Mandla,Madhya Pradesh,22.705389,80.811498,629,144,477.4420602848517
VIL_000300,चित्रकूट,GP_000074,GP_आदिलाबाद,BLK_000005,Ghughari,Mandla,Madhya Pradesh,22.229587,80.201591,908,221,226.2383280198901
VIL_000301,मुंबई,GP_000074,GP_आदिलाबाद,BLK_000005,Ghughari,Mandla,Madhya Pradesh,22.448061,80.398224,1612,336,114.64830861476334
VIL_000302,भद्रक,GP_000075,GP_चिपलुन,BLK_000005,Ghughari,Mandla,Madhya Pradesh,22.352883,80.356974,597,144,232.76987455253783
VIL_000303,बहादुरगढ,GP_000075,GP_चिपलुन,BLK_000005,Ghughari,Mandla,Madhya Pradesh,22.29958,80.368019,1319,305,457.8549979820213
VIL_000304,अम्बाजी,GP_000075,GP_चिपलुन,BLK_000005,Ghughari,Mandla,Madhya Pradesh,22.509316,80.973724,1516,344,246.9387707838728
VIL_000305,अन्तर्गत,GP_000075,GP_चिपलुन,BLK_000005,Ghughari,Mandla,Madhya Pradesh,22.837833,80.266721,669,153,131.57080242218714
VIL_000306,चित्रकूट,GP_000075,GP_चिपलुन,BLK_000005,Ghughari,Mandla,Madhya Pradesh,22.681963,80.822341,1617,312,141.03916311284573
VIL_000307,सभापतिने,GP_000076,GP_धारवाड,BLK_000005,Ghughari,Mandla,Madhya Pradesh,22.728735,80.306496,1734,397,166.65790882636546
VIL_000308,चिपलुन,GP_000076,GP_धारवाड,BLK_000005,Ghughari,Mandla,Madhya Pradesh,22.555127,80.44713,1988,481,241.02372412339292
VIL_000309,अखनूर,GP_000076,GP_धारवाड,BLK_000005,Ghughari,Mandla,Madhya Pradesh,22.99852,80.274555,617,108,355.00501515331933
VIL_000310,धर्मापुरी,GP_000076,GP_धारवाड,BLK_000005,Ghughari,Mandla,Madhya Pradesh,22.490649,80.801096,1891,344,112.45624763601856
VIL_000311,अहमदनगर,GP_000077,GP_अनन्तपुर,BLK_000005,Ghughari,Mandla,Madhya Pradesh,22.742471,80.438173,758,132,411.40614940274617
VIL_000312,जिससेबेलारी,GP_000077,GP_अनन्तपुर,BLK_000005,Ghughari,Mandla,Madhya Pradesh,22.493063,80.382854,1661,284,161.37526535708324
VIL_000313,धारवाड,GP_000077,GP_अनन्तपुर,BLK_000005,Ghughari,Mandla,Madhya Pradesh,22.559938,80.370965,1409,328,329.56871133355827
VIL_000314,असम,GP_000077,GP_अनन्तपुर,BLK_000005,Ghughari,Mandla,Madhya Pradesh,22.623568,80.398034,1830,351,484.20802090599716
VIL_000315,असम,GP_000077,GP_अनन्तपुर,BLK_000005,Ghughari,Mandla,Madhya Pradesh,22.220731,80.186048,1560,314,324.6690843038588
VIL_000316,अन्तर्गत,GP_000078,GP_चित्रदुर्ग,BLK_000005,Ghughari,Mandla,Madhya Pradesh,22.819972,80.704038,939,237,214.2307510792632
VIL_000317,मोकोकचुंग,GP_000078,GP_चित्रदुर्ग,BLK_000005,Ghughari,Mandla,Madhya Pradesh,22.933183,80.4912,751,135,129.62081567061747
VIL_000318,अनंतनाग,GP_000078,GP_चित्रदुर्ग,BLK_000005,Ghughari,Mandla,Madhya Pradesh,22.338125,80.71337,679,160,487.0244945452249
VIL_000319,चंबा,GP_000078,GP_चित्रदुर्ग,BLK_000005,Ghughari,Mandla,Madhya Pradesh,22.98926,80.66784,1953,340,316.86854449022496
VIL_000320,धारवाड,GP_000079,GP_दालखोला,BLK_000005,Ghughari,Mandla,Madhya Pradesh,22.88109,80.711809,1934,430,417.4785535380011
VIL_000321,खडगपुर,GP_000079,GP_दालखोला,BLK_000005,Ghughari,Mandla,Madhya Pradesh,22.607005,80.121362,911,214,194.6944737147482
VIL_000322,विस्तारण,GP_000079,GP_दालखोला,BLK_000005,Ghughari,Mandla,Madhya Pradesh,22.595218,80.360897,1672,334,421.4646905154346
VIL_000323,अहमदनगर,GP_000079,GP_दालखोला,BLK_000005,Ghughari,Mandla,Madhya Pradesh,22.641318,80.611948,676,117,259.2639923083634
VIL_000324,चिरमिरी,GP_000080,GP_मुंबई,BLK_000005,Ghughari,Mandla,Madhya Pradesh,22.775096,80.525696,1338,318,129.5002851644956
VIL_000325,बचेली,GP_000080,GP_मुंबई,BLK_000005,Ghughari,Mandla,Madhya Pradesh,22.977904,80.642339,1421,295,306.94400472794405
VIL_000326,सभापतिने,GP_000080,GP_मुंबई,BLK_000005,Ghughari,Mandla,Madhya Pradesh,22.302668,80.829054,1629,362,172.78525462085494
VIL_000327,बहादुरगंज,GP_000080,GP_मुंबई,BLK_000005,Ghughari,Mandla,Madhya Pradesh,22.973012,80.432618,613,146,307.2408531696065
VIL_000328,रानीताल,GP_000080,GP_मुंबई,BLK_000005,Ghughari,Mandla,Madhya Pradesh,22.4433,80.161967,1952,366,478.99325472385897
VIL_000329,फतेहगढ,GP_000081,GP_अकोला,BLK_000006,Bichhiya,Mandla,Madhya Pradesh,22.876747,80.250605,1800,448,209.7804132854053
VIL_000330,अमरोहा,GP_000081,GP_अकोला,BLK_000006,Bichhiya,Mandla,Madhya Pradesh,22.700018,80.614428,691,145,167.4543606990827
VIL_000331,अजमेर,GP_000081,GP_अकोला,BLK_000006,Bichhiya,Mandla,Madhya Pradesh,22.953286,80.154194,1849,409,460.80035747629074
VIL_000332,मुंबई,GP_000081,GP_अकोला,BLK_000006,Bichhiya,Mandla,Madhya Pradesh,22.470096,80.92393,584,139,111.34939515955105
VIL_000333,चित्तूर,GP_000082,GP_अनंतनाग,BLK_000006,Bichhiya,Mandla,Madhya Pradesh,22.958837,80.771022,1042,233,406.7836003665244
VIL_000334,फतहपुर,GP_000082,GP_अनंतनाग,BLK_000006,Bichhiya,Mandla,Madhya Pradesh,22.533269,80.638991,1519,370,318.230993418907
VIL_000335,चिराला,GP_000082,GP_अनंतनाग,BLK_000006,Bichhiya,Mandla,Madhya Pradesh,22.713526,80.302094,1001,236,373.9963364782707
VIL_000336,बचेली,GP_000083,GP_देवगढ़,BLK_000006,Bichhiya,Mandla,Madhya Pradesh,22.562835,80.688614,823,169,293.70045204294365
VIL_000337,दादरा और नगर हवेली,GP_000083,GP_देवगढ़,BLK_000006,Bichhiya,Mandla,Madhya Pradesh,22.363218,80.60666,1140,275,227.72655705869124
VIL_000338,अजमेर,GP_000083,GP_देवगढ़,BLK_000006,Bichhiya,Mandla,Madhya Pradesh,22.990419,80.345371,1316,236,248.2160792201165
VIL_000339,फतहपुर,GP_000083,GP_देवगढ़,BLK_000006,Bichhiya,Mandla,Madhya Pradesh,22.649321,80.319116,1455,260,279.8384047982659
VIL_000340,अलांग,GP_000084,GP_आदिलाबाद,BLK_000006,Bichhiya,Mandla,Madhya Pradesh,22.277449,80.290212,1286,310,267.2538973339506
VIL_000341,अमरपुर,GP_000084,GP_आदिलाबाद,BLK_000006,Bichhiya,Mandla,Madhya Pradesh,22.970149,80.902311,1170,289,388.45137152884877
VIL_000342,भागलपुर,GP_000084,GP_आदिलाबाद,BLK_000006,Bichhiya,Mandla,Madhya Pradesh,22.351867,80.159342,1554,323,451.6302654401674
VIL_000343,अमरावती,GP_000085,GP_पाकाला,BLK_000006,Bichhiya,Mandla,Madhya Pradesh,22.218541,80.945233,1535,318,196.29145626766802
VIL_000344,पाकाला,GP_000085,GP_पाकाला,BLK_000006,Bichhiya,Mandla,Madhya Pradesh,22.666675,80.048658,1076,226,452.9357905472804
VIL_000345,अलीगढ,GP_000085,GP_पाकाला,BLK_000006,Bichhiya,Mandla,Madhya Pradesh,22.723408,80.470587,1599,270,142.99883374848298
VIL_000346,चित्रदुर्ग,GP_000085,GP_पाकाला,BLK_000006,Bichhiya,Mandla,Madhya Pradesh,22.307148,80.264473,1249,291,246.3749410070252
VIL_000347,धारवाड,GP_000086,GP_अम्बाजी,BLK_000006,Bichhiya,Mandla,Madhya Pradesh,22.240926,80.561817,1242,267,129.41269989713672
VIL_000348,चित्रदुर्ग,GP_000086,GP_अम्बाजी,BLK_000006,Bichhiya,Mandla,Madhya Pradesh,22.603404,80.764404,1072,255,349.2966314566095
VIL_000349,मोकामा,GP_000086,GP_अम्बाजी,BLK_000006,Bichhiya,Mandla,Madhya Pradesh,22.688835,80.128663,698,140,417.9588913523783
VIL_000350,देवगढ़,GP_000086,GP_अम्बाजी,BLK_000006,Bichhiya,Mandla,Madhya Pradesh,22.471268,80.938949,795,147,303.64900649007285
VIL_000351,धर्मापुरी,GP_000087,GP_खडगपुर,BLK_000006,Bichhiya,Mandla,Madhya Pradesh,22.232204,80.038914,1961,385,289.497660158076
VIL_000352,मोकामा,GP_000087,GP_खडगपुर,BLK_000006,Bichhiya,Mandla,Madhya Pradesh,22.565591,80.606261,1555,280,472.54749421199597
VIL_000353,चित्रदुर्ग,GP_000087,GP_खडगपुर,BLK_000006,Bichhiya,Mandla,Madhya Pradesh,22.454824,80.392955,1762,407,219.6937370113273
VIL_000354,चित्रकूट,GP_000087,GP_खडगपुर,BLK_000006,Bichhiya,Mandla,Madhya Pradesh,22.469099,80.828289,1590,333,325.1697042578178
VIL_000355,चित्रकूट,GP_000087,GP_खडगपुर,BLK_000006,Bichhiya,Mandla,Madhya Pradesh,22.579914,80.016637,1178,265,491.9592124716647
VIL_000356,असम,GP_000088,GP_दादरा और नगर हवेली,BLK_000006,Bichhiya,Mandla,Madhya Pradesh,22.446142,80.898767,1909,423,338.7638463812775
VIL_000357,बचेली,GP_000088,GP_दादरा और नगर हवेली,BLK_000006,Bichhiya,Mandla,Madhya Pradesh,22.412424,80.655591,1684,366,388.5600449185227
VIL_000358,अलांग,GP_000088,GP_दादरा और नगर हवेली,BLK_000006,Bichhiya,Mandla,Madhya Pradesh,22.666819,80.170512,1788,410,409.8424519335244
VIL_000359,मोकामा,GP_000088,GP_दादरा और नगर हवेली,BLK_000006,Bichhiya,Mandla,Madhya Pradesh,22.504152,80.821661,996,170,479.2820683137205
VIL_000360,फतेहगढ,GP_000088,GP_दादरा और नगर हवेली,BLK_000006,Bichhiya,Mandla,Madhya Pradesh,22.287916,80.018937,1142,233,265.18404391557056
VIL_000361,दादरा और नगर हवेली,GP_000089,GP_बहादुरगढ,BLK_000006,Bichhiya,Mandla,Madhya Pradesh,22.528302,80.774972,1465,355,394.33490850747256
VIL_000362,देहरा,GP_000089,GP_बहादुरगढ,BLK_000006,Bichhiya,Mandla,Madhya Pradesh,22.249825,80.138082,924,199,499.24914736219284
VIL_000363,मुंबई,GP_000089,GP_बहादुरगढ,BLK_000006,Bichhiya,Mandla,Madhya Pradesh,22.582697,80.376825,854,177,313.2508258292884
VIL_000364,जिससेबेलारी,GP_000090,GP_बहादुरगढ,BLK_000006,Bichhiya,Mandla,Madhya Pradesh,22.48343,80.77199,1976,446,421.4610120454827
VIL_000365,अन्तर्गत,GP_000090,GP_बहादुरगढ,BLK_000006,Bichhiya,Mandla,Madhya Pradesh,22.41149,80.48418,1004,193,219.39966447611758
VIL_000366,रानीताल,GP_000090,GP_बहादुरगढ,BLK_000006,Bichhiya,Mandla,Madhya Pradesh,22.953188,80.98226,1091,248,376.0959646254428
VIL_000367,खडगपुर,GP_000090,GP_बहादुरगढ,BLK_000006,Bichhiya,Mandla,Madhya Pradesh,22.591202,80.479803,1647,407,418.1621424009334
VIL_000368,अगरतला,GP_000090,GP_बहादुरगढ,BLK_000006,Bichhiya,Mandla,Madhya Pradesh,22.418766,80.121874,1885,404,458.3041846160905
VIL_000369,खडगपुर,GP_000091,GP_चिराला,BLK_000006,Bichhiya,Mandla,Madhya Pradesh,22.854702,80.954609,799,154,215.05213664565596
VIL_000370,बचेली,GP_000091,GP_चिराला,BLK_000006,Bichhiya,Mandla,Madhya Pradesh,22.771313,80.346364,1405,314,398.935399887202
VIL_000371,बहादुरगढ,GP_000091,GP_चिराला,BLK_000006,Bichhiya,Mandla,Madhya Pradesh,22.371189,80.827952,1055,261,378.4685202587291
VIL_000372,विस्तारण,GP_000091,GP_चिराला,BLK_000006,Bichhiya,Mandla,Madhya Pradesh,22.309818,80.615677,1701,321,120.3061719829856
VIL_000373,अनंतनाग,GP_000092,GP_जिलोंपर,BLK_000006,Bichhiya,Mandla,Madhya Pradesh,22.380537,80.232837,705,143,386.9432225000975
VIL_000374,भागलपुर,GP_000092,GP_जिलोंपर,BLK_000006,Bichhiya,Mandla,Madhya Pradesh,22.280436,80.770766,510,127,491.16428473323487
VIL_000375,इलाहाबाद,GP_000092,GP_जिलोंपर,BLK_000006,Bichhiya,Mandla,Madhya Pradesh,22.326353,80.652893,1474,308,179.78238986704068
VIL_000376,अमरपुर,GP_000092,GP_जिलोंपर,BLK_000006,Bichhiya,Mandla,Madhya Pradesh,22.971131,80.321168,1822,316,407.4899974151275
VIL_000377,करना,GP_000092,GP_जिलोंपर,BLK_000006,Bichhiya,Mandla,Madhya Pradesh,22.721839,80.23222,1980,476,114.91929862865722
VIL_000378,देवगढ़,GP_000093,GP_चंबा,BLK_000006,Bichhiya,Mandla,Madhya Pradesh,22.534308,80.837605,574,145,258.7978297113199
VIL_000379,अहमदनगर,GP_000093,GP_चंबा,BLK_000006,Bichhiya,Mandla,Madhya Pradesh,22.596307,80.936609,1092,265,103.70686739203991
VIL_000380,देवगढ़,GP_000093,GP_चंबा,BLK_000006,Bichhiya,Mandla,Madhya Pradesh,22.654369,80.107301,1186,228,495.63978803548935
VIL_000381,मोकोकचुंग,GP_000094,GP_भागलपुर,BLK_000006,Bichhiya,Mandla,Madhya Pradesh,22.619455,80.88926,774,186,287.208307602516
VIL_000382,जिलोंपर,GP_000094,GP_भागलपुर,BLK_000006,Bichhiya,Mandla,Madhya Pradesh,22.354249,80.112647,832,191,359.31413548369665
VIL_000383,हैदराबाद,GP_000094,GP_भागलपुर,BLK_000006,Bichhiya,Mandla,Madhya Pradesh,22.774879,80.014084,1190,280,327.1124889683757
VIL_000384,अहमदाबाद,GP_000094,GP_भागलपुर,BLK_000006,Bichhiya,Mandla,Madhya Pradesh,22.805826,80.175495,1808,441,430.79593011052384
VIL_000385,अमरावती,GP_000094,GP_भागलपुर,BLK_000006,Bichhiya,Mandla,Madhya Pradesh,22.612225,80.086738,1870,330,492.6740769762155
VIL_000386,धारवाड,GP_000095,GP_अन्तर्गत,BLK_000006,Bichhiya,Mandla,Madhya Pradesh,22.458881,80.248047,1034,207,278.6942087225814
VIL_000387,चिराला,GP_000095,GP_अन्तर्गत,BLK_000006,Bichhiya,Mandla,Madhya Pradesh,22.413595,80.329625,1692,388,104.5742936776672
VIL_000388,पाकाला,GP_000095,GP_अन्तर्गत,BLK_000006,Bichhiya,Mandla,Madhya Pradesh,22.722947,80.692769,627,141,286.15799637677173
VIL_000389,चक्रधरपुर,GP_000095,GP_अन्तर्गत,BLK_000006,Bichhiya,Mandla,Madhya Pradesh,22.327773,80.686074,1940,453,376.11615096752564
VIL_000390,अहमदनगर,GP_000096,GP_दादरा और नगर हवेली,BLK_000006,Bichhiya,Mandla,Madhya Pradesh,22.932904,80.295038,1758,329,482.94421474209065
VIL_000391,चित्रदुर्ग,GP_000096,GP_दादरा और नगर हवेली,BLK_000006,Bichhiya,Mandla,Madhya Pradesh,22.582546,80.454979,1740,348,380.77629074226166
VIL_000392,देहरा,GP_000096,GP_दादरा और नगर हवेली,BLK_000006,Bichhiya,Mandla,Madhya Pradesh,22.930238,80.757351,1860,443,404.74384798844284
VIL_000393,इलाहाबाद,GP_000096,GP_दादरा और नगर हवेली,BLK_000006,Bichhiya,Mandla,Madhya Pradesh,22.744274,80.595814,667,142,311.2692496292774
VIL_000394,अजमेर,GP_000096,GP_दादरा और नगर हवेली,BLK_000006,Bichhiya,Mandla,Madhya Pradesh,22.489428,80.917245,729,126,319.0596994843726
VIL_000395,रानीताल,GP_000097,GP_चित्रकूट,BLK_000006,Bichhiya,Mandla,Madhya Pradesh,22.361725,80.53666,836,164,308.13661647391484
VIL_000396,करना,GP_000097,GP_चित्रकूट,BLK_000006,Bichhiya,Mandla,Madhya Pradesh,22.292992,80.205401,1694,355,459.5557406853895
VIL_000397,अखनूर,GP_000097,GP_चित्रकूट,BLK_000006,Bichhiya,Mandla,Madhya Pradesh,22.556386,80.055636,770,163,282.7193902847504
VIL_000398,धारवाड,GP_000097,GP_चित्रकूट,BLK_000006,Bichhiya,Mandla,Madhya Pradesh,22.246189,80.462378,1131,259,258.379483981303
VIL_000399,चिपलुन,GP_000097,GP_चित्रकूट,BLK_000006,Bichhiya,Mandla,Madhya Pradesh,22.853163,80.745804,1684,294,269.47895391145005
VIL_000400,अमरावती,GP_000098,GP_भागलपुर,BLK_000006,Bichhiya,Mandla,Madhya Pradesh,22.251008,80.994124,641,161,288.82848033826014
VIL_000401,अलीगढ,GP_000098,GP_भागलपुर,BLK_000006,Bichhiya,Mandla,Madhya Pradesh,22.429673,80.179981,777,181,491.3333139696404
VIL_000402,करना,GP_000098,GP_भागलपुर,BLK_000006,Bichhiya,Mandla,Madhya Pradesh,22.716705,80.420362,1283,265,466.8460306726912
VIL_000403,असम,GP_000098,GP_भागलपुर,BLK_000006,Bichhiya,Mandla,Madhya Pradesh,22.501997,80.08025,1855,449,153.19592253426936
VIL_000404,जिलोंपर,GP_000098,GP_भागलपुर,BLK_000006,Bichhiya,Mandla,Madhya Pradesh,22.888229,80.118633,1600,323,150.93883492904342
VIL_000405,फतेहगढ,GP_000099,GP_अलांग,BLK_000007,Niwas,Mandla,Madhya Pradesh,22.804944,80.978491,1448,326,317.77813561000835
VIL_000406,देहरा,GP_000099,GP_अलांग,BLK_000007,Niwas,Mandla,Madhya Pradesh,22.625547,80.82336,1006,208,162.04854928150692
VIL_000407,अजमेर,GP_000099,GP_अलांग,BLK_000007,Niwas,Mandla,Madhya Pradesh,22.350784,80.875208,731,125,364.0790743209141
VIL_000408,दादरा और नगर हवेली,GP_000100,GP_विस्तारण,BLK_000007,Niwas,Mandla,Madhya Pradesh,22.812843,80.883757,532,100,126.91636115579814
VIL_000409,अमरोहा,GP_000100,GP_विस्तारण,BLK_000007,Niwas,Mandla,Madhya Pradesh,22.675155,80.446441,1876,427,119.47052849749964
VIL_000410,दादरा और नगर हवेली,GP_000100,GP_विस्तारण,BLK_000007,Niwas,Mandla,Madhya Pradesh,22.792433,80.402265,979,209,401.75428349891376
VIL_000411,बहादुरगंज,GP_000100,GP_विस्तारण,BLK_000007,Niwas,Mandla,Madhya Pradesh,22.820851,80.140136,1092,205,466.55881324862685
VIL_000412,चक्रधरपुर,GP_000100,GP_विस्तारण,BLK_000007,Niwas,Mandla,Madhya Pradesh,22.660888,80.577475,1877,446,194.76161391068825
VIL_000413,अन्तर्गत,GP_000101,GP_अहमदाबाद,BLK_000007,Niwas,Mandla,Madhya Pradesh,22.988556,80.521251,1346,261,124.38305484270487
VIL_000414,धारवाड,GP_000101,GP_अहमदाबाद,BLK_000007,Niwas,Mandla,Madhya Pradesh,22.958816,80.879714,858,190,270.8802329178174
VIL_000415,असम,GP_000101,GP_अहमदाबाद,BLK_000007,Niwas,Mandla,Madhya Pradesh,22.596497,80.97229,1817,409,414.3218383922072
VIL_000416,दालखोला,GP_000102,GP_देवास,BLK_000007,Niwas,Mandla,Madhya Pradesh,22.757047,80.408259,1114,223,401.76643889525013
VIL_000417,अमरपुर,GP_000102,GP_देवास,BLK_000007,Niwas,Mandla,Madhya Pradesh,22.578815,80.849341,1115,268,157.74069966607138
VIL_000418,अलीगढ,GP_000102,GP_देवास,BLK_000007,Niwas,Mandla,Madhya Pradesh,22.57042,80.057624,1345,336,322.9147032797092
VIL_000419,अमरपुर,GP_000102,GP_देवास,BLK_000007,Niwas,Mandla,Madhya Pradesh,22.307274,80.242859,916,180,131.62817335792215
VIL_000420,अहमदनगर,GP_000103,GP_चंबा,BLK_000007,Niwas,Mandla,Madhya Pradesh,22.877707,80.092464,1983,473,120.61465164560552
VIL_000421,बचेली,GP_000103,GP_चंबा,BLK_000007,Niwas,Mandla,Madhya Pradesh,22.501734,80.604969,580,140,175.26531757310212
VIL_000422,खडगपुर,GP_000103,GP_चंबा,BLK_000007,Niwas,Mandla,Madhya Pradesh,22.809357,80.724305,1644,307,183.5556354209001
VIL_000423,चंडीगढ,GP_000103,GP_चंबा,BLK_000007,Niwas,Mandla,Madhya Pradesh,22.925626,80.303188,531,99,176.00947905205948
VIL_000424,असम,GP_000104,GP_अजमेर,BLK_000007,Niwas,Mandla,Madhya Pradesh,22.293853,80.999572,1480,363,378.2505142819927
VIL_000425,इलाहाबाद,GP_000104,GP_अजमेर,BLK_000007,Niwas,Mandla,Madhya Pradesh,22.763015,80.396632,990,213,410.2055528255081
VIL_000426,भागलपुर,GP_000104,GP_अजमेर,BLK_000007,Niwas,Mandla,Madhya Pradesh,22.504529,80.53365,1235,240,243.85784719233672
VIL_000427,खडगपुर,GP_000104,GP_अजमेर,BLK_000007,Niwas,Mandla,Madhya Pradesh,22.90625,80.466004,1979,412,435.89247262547394
VIL_000428,अगरतला,GP_000104,GP_अजमेर,BLK_000007,Niwas,Mandla,Madhya Pradesh,22.931464,80.370705,1347,232,445.6339365877929
VIL_000429,धारवाड,GP_000105,GP_जिलोंपर,BLK_000007,Niwas,Mandla,Madhya Pradesh,22.316738,80.260774,1696,369,267.0312294220695
VIL_000430,जिलोंपर,GP_000105,GP_जिलोंपर,BLK_000007,Niwas,Mandla,Madhya Pradesh,22.321929,80.329865,1277,276,198.29200655013761
VIL_000431,चिराला,GP_000105,GP_जिलोंपर,BLK_000007,Niwas,Mandla,Madhya Pradesh,22.640514,80.943465,1191,226,428.6367758769425
VIL_000432,असम,GP_000105,GP_जिलोंपर,BLK_000007,Niwas,Mandla,Madhya Pradesh,22.973207,80.641694,1504,312,393.10889481000754
VIL_000433,अलांग,GP_000105,GP_जिलोंपर,BLK_000007,Niwas,Mandla,Madhya Pradesh,22.481741,80.139959,1619,339,466.7597558777467
VIL_000434,अन्तर्गत,GP_000106,GP_रानीताल,BLK_000007,Niwas,Mandla,Madhya Pradesh,22.992259,80.957237,1573,269,438.67895327308895
VIL_000435,जिससेबेलारी,GP_000106,GP_रानीताल,BLK_000007,Niwas,Mandla,Madhya Pradesh,22.95615,80.668216,513,104,437.01788673013937
VIL_000436,अलांग,GP_000106,GP_रानीताल,BLK_000007,Niwas,Mandla,Madhya Pradesh,22.385147,80.70717,518,96,282.4038635885736
VIL_000437,अमरावती,GP_000106,GP_रानीताल,BLK_000007,Niwas,Mandla,Madhya Pradesh,22.24836,80.637729,1762,432,363.7137367959451
VIL_000438,चित्तूर,GP_000106,GP_रानीताल,BLK_000007,Niwas,Mandla,Madhya Pradesh,22.212585,80.532212,1342,227,311.76705873666026
VIL_000439,भागलपुर,GP_000107,GP_अन्तर्गत,BLK_000007,Niwas,Mandla,Madhya Pradesh,22.62859,80.286689,1528,362,369.61318084768413
VIL_000440,जिलोंपर,GP_000107,GP_अन्तर्गत,BLK_000007,Niwas,Mandla,Madhya Pradesh,22.844934,80.909773,719,176,309.7541604903265
VIL_000441,अमरावती,GP_000107,GP_अन्तर्गत,BLK_000007,Niwas,Mandla,Madhya Pradesh,22.392775,80.619781,1016,241,206.92989467065433
VIL_000442,आदिलाबाद,GP_000107,GP_अन्तर्गत,BLK_000007,Niwas,Mandla,Madhya Pradesh,22.517517,80.373052,1331,276,197.28315767715281
VIL_000443,देवगढ़,GP_000108,GP_चित्रदुर्ग,BLK_000007,Niwas,Mandla,Madhya Pradesh,22.380686,80.684042,665,148,443.2876636084749
VIL_000444,दालखोला,GP_000108,GP_चित्रदुर्ग,BLK_000007,Niwas,Mandla,Madhya Pradesh,22.807669,80.093501,1276,255,290.40204005275643
VIL_000445,अलीगढ,GP_000108,GP_चित्रदुर्ग,BLK_000007,Niwas,Mandla,Madhya Pradesh,22.709398,80.702845,669,141,273.5638607886649
VIL_000446,पाकाला,GP_000108,GP_चित्रदुर्ग,BLK_000007,Niwas,Mandla,Madhya Pradesh,22.827501,80.565857,695,169,467.6608861760848
VIL_000447,अन्तर्गत,GP_000108,GP_चित्रदुर्ग,BLK_000007,Niwas,Mandla,Madhya Pradesh,22.383813,80.901273,1917,466,290.2001150581093
VIL_000448,चिरमिरी,GP_000109,GP_धारवाड,BLK_000007,Niwas,Mandla,Madhya Pradesh,22.939327,80.684429,1074,262,325.40394561919345
VIL_000449,मुंबई,GP_000109,GP_धारवाड,BLK_000007,Niwas,Mandla,Madhya Pradesh,22.226321,80.928766,1144,194,182.86324616383345
VIL_000450,चिरमिरी,GP_000109,GP_धारवाड,BLK_000007,Niwas,Mandla,Madhya Pradesh,22.315353,80.820691,1315,324,219.710755832345
VIL_000451,अनन्तपुर,GP_000110,GP_असम,BLK_000007,Niwas,Mandla,Madhya Pradesh,22.392378,80.834651,1296,292,316.2249724022443
VIL_000452,बहादुरगढ,GP_000110,GP_असम,BLK_000007,Niwas,Mandla,Madhya Pradesh,22.507077,80.739745,1911,439,300.31714065509004
VIL_000453,चिरमिरी,GP_000110,GP_असम,BLK_000007,Niwas,Mandla,Madhya Pradesh,22.979459,80.053696,1395,262,130.40729862628206
VIL_000454,इलाहाबाद,GP_000110,GP_असम,BLK_000007,Niwas,Mandla,Madhya Pradesh,22.684135,80.613865,1719,347,409.421966452529
VIL_000455,पाकाला,GP_000110,GP_असम,BLK_000007,Niwas,Mandla,Madhya Pradesh,22.223701,80.273327,1422,298,242.32447908233917
VIL_000456,अमरपुर,GP_000111,GP_फतेहगढ,BLK_000007,Niwas,Mandla,Madhya Pradesh,22.545478,80.679695,1853,372,408.86696165387593
VIL_000457,इलाहाबाद,GP_000111,GP_फतेहगढ,BLK_000007,Niwas,Mandla,Madhya Pradesh,22.436304,80.24645,650,114,161.68838554620737
VIL_000458,फतहपुर,GP_000111,GP_फतेहगढ,BLK_000007,Niwas,Mandla,Madhya Pradesh,22.769342,80.633901,1297,253,142.62036708450444
VIL_000459,दालखोला,GP_000111,GP_फतेहगढ,BLK_000007,Niwas,Mandla,Madhya Pradesh,22.204156,80.308267,1237,288,140.89256564529836
VIL_000460,अन्तर्गत,GP_000112,GP_चित्रकूट,BLK_000008,Narayanpur,Mandla,Madhya Pradesh,22.544784,80.556985,1549,314,110.50476160531888
VIL_000461,जिलोंपर,GP_000112,GP_चित्रकूट,BLK_000008,Narayanpur,Mandla,Madhya Pradesh,22.483131,80.093064,1724,404,445.48727090727664
VIL_000462,अहमदनगर,GP_000112,GP_चित्रकूट,BLK_000008,Narayanpur,Mandla,Madhya Pradesh,22.209872,80.41381,673,154,323.8146183049904
VIL_000463,खडगपुर,GP_000113,GP_मुंबई,BLK_000008,Narayanpur,Mandla,Madhya Pradesh,22.657568,80.169583,1279,234,207.56758541205903
VIL_000464,मोतिहारी,GP_000113,GP_मुंबई,BLK_000008,Narayanpur,Mandla,Madhya Pradesh,22.414725,80.145935,842,172,268.44093590900974
VIL_000465,देवगढ़,GP_000113,GP_मुंबई,BLK_000008,Narayanpur,Mandla,Madhya Pradesh,22.587385,80.076921,1015,252,388.3597809822371
VIL_000466,अमरपुर,GP_000114,GP_बहादुरगढ,BLK_000008,Narayanpur,Mandla,Madhya Pradesh,22.675045,80.195548,719,129,102.7069477701886
VIL_000467,अलांग,GP_000114,GP_बहादुरगढ,BLK_000008,Narayanpur,Mandla,Madhya Pradesh,22.516554,80.841613,1278,302,231.8166865117041
VIL_000468,इलाहाबाद,GP_000114,GP_बहादुरगढ,BLK_000008,Narayanpur,Mandla,Madhya Pradesh,22.467789,80.815475,1833,459,154.44978863130592
VIL_000469,पाकाला,GP_000114,GP_बहादुरगढ,BLK_000008,Narayanpur,Mandla,Madhya Pradesh,22.456532,80.947279,911,190,171.05490852765627
VIL_000470,विस्तारण,GP_000115,GP_अलीगढ,BLK_000008,Narayanpur,Mandla,Madhya Pradesh,22.97498,80.291448,1923,427,487.1052341934421
VIL_000471,धर्मापुरी,GP_000115,GP_अलीगढ,BLK_000008,Narayanpur,Mandla,Madhya Pradesh,22.825579,80.325886,1074,255,257.1740518957839
VIL_000472,अनंतनाग,GP_000115,GP_अलीगढ,BLK_000008,Narayanpur,Mandla,Madhya Pradesh,22.29111,80.563851,1712,432,171.97088504347988
VIL_000473,चित्रकूट,GP_000115,GP_अलीगढ,BLK_000008,Narayanpur,Mandla,Madhya Pradesh,22.814094,80.026916,1989,413,383.3468205024254
VIL_000474,चक्रधरपुर,GP_000116,GP_बहादुरगंज,BLK_000008,Narayanpur,Mandla,Madhya Pradesh,22.838148,80.831282,641,152,418.2627343983818
VIL_000475,देवगढ़,GP_000116,GP_बहादुरगंज,BLK_000008,Narayanpur,Mandla,Madhya Pradesh,22.527313,80.499303,1797,349,201.07267397243666
VIL_000476,रानीताल,GP_000116,GP_बहादुरगंज,BLK_000008,Narayanpur,Mandla,Madhya Pradesh,22.323315,80.423128,1272,222,496.2802457747872
VIL_000477,चंडीगढ,GP_000116,GP_बहादुरगंज,BLK_000008,Narayanpur,Mandla,Madhya Pradesh,22.583388,80.400805,1537,379,447.8534897914793
VIL_000478,अकोला,GP_000117,GP_बहादुरगढ,BLK_000008,Narayanpur,Mandla,Madhya Pradesh,22.634916,80.790721,1236,281,424.918790271598
VIL_000479,लखनऊ,GP_000117,GP_बहादुरगढ,BLK_000008,Narayanpur,Mandla,Madhya Pradesh,22.675056,80.914401,723,168,363.04065783230624
VIL_000480,मोकोकचुंग,GP_000117,GP_बहादुरगढ,BLK_000008,Narayanpur,Mandla,Madhya Pradesh,22.484007,80.647,590,127,358.01248156270947
VIL_000481,जिलोंपर,GP_000117,GP_बहादुरगढ,BLK_000008,Narayanpur,Mandla,Madhya Pradesh,22.717395,80.966811,1179,294,272.18221755607294
VIL_000482,इलाहाबाद,GP_000118,GP_दालखोला,BLK_000008,Narayanpur,Mandla,Madhya Pradesh,22.278885,80.222001,1562,337,375.0657635189158
VIL_000483,दालखोला,GP_000118,GP_दालखोला,BLK_000008,Narayanpur,Mandla,Madhya Pradesh,22.376825,80.37412,1448,338,335.4359826160589
VIL_000484,जिससेबेलारी,GP_000118,GP_दालखोला,BLK_000008,Narayanpur,Mandla,Madhya Pradesh,22.600373,80.344967,550,115,218.17288820736235
VIL_000485,बहादुरगढ,GP_000119,GP_करना,BLK_000008,Narayanpur,Mandla,Madhya Pradesh,22.292855,80.940676,790,156,237.22667233745045
VIL_000486,चित्तूर,GP_000119,GP_करना,BLK_000008,Narayanpur,Mandla,Madhya Pradesh,22.827416,80.521115,1213,253,275.26637530921084
VIL_000487,हैदराबाद,GP_000119,GP_करना,BLK_000008,Narayanpur,Mandla,Madhya Pradesh,22.757411,80.318909,1114,192,384.311595902101
VIL_000488,चिरमिरी,GP_000120,GP_चिपलुन,BLK_000008,Narayanpur,Mandla,Madhya Pradesh,22.879344,80.64797,1886,445,471.96897859543697
VIL_000489,विस्तारण,GP_000120,GP_चिपलुन,BLK_000008,Narayanpur,Mandla,Madhya Pradesh,22.792392,80.515994,1630,297,323.9395809959452
VIL_000490,अमरोहा,GP_000120,GP_चिपलुन,BLK_000008,Narayanpur,Mandla,Madhya Pradesh,22.96677,80.231856,1329,294,174.55477011346477
VIL_000491,फतेहगढ,GP_000121,GP_अहमदनगर,BLK_000008,Narayanpur,Mandla,Madhya Pradesh,22.545708,80.029192,1757,427,279.83000454963195
VIL_000492,मोतिहारी,GP_000121,GP_अहमदनगर,BLK_000008,Narayanpur,Mandla,Madhya Pradesh,22.543642,80.00445,939,174,400.93019814419665
VIL_000493,अहमदनगर,GP_000121,GP_अहमदनगर,BLK_000008,Narayanpur,Mandla,Madhya Pradesh,22.846984,80.062564,708,167,314.75560422825765
VIL_000494,अनंतनाग,GP_000121,GP_अहमदनगर,BLK_000008,Narayanpur,Mandla,Madhya Pradesh,22.492634,80.197074,733,139,445.05461898292293
VIL_000495,अकोला,GP_000121,GP_अहमदनगर,BLK_000008,Narayanpur,Mandla,Madhya Pradesh,22.622172,80.639109,1722,346,257.01760228575677
VIL_000496,देवगढ़,GP_000122,GP_चित्रकूट,BLK_000008,Narayanpur,Mandla,Madhya Pradesh,22.47834,80.845518,1764,323,369.4355449258934
VIL_000497,अनन्तपुर,GP_000122,GP_चित्रकूट,BLK_000008,Narayanpur,Mandla,Madhya Pradesh,22.840491,80.918683,1708,300,153.57910786028427
VIL_000498,जिलोंपर,GP_000122,GP_चित्रकूट,BLK_000008,Narayanpur,Mandla,Madhya Pradesh,22.294289,80.30538,874,174,156.54341730721254
VIL_000499,सभापतिने,GP_000123,GP_करना,BLK_000009,Mohgaon,Mandla,Madhya Pradesh,22.677141,80.574806,1366,251,354.2006568234541
VIL_000500,फतहपुर,GP_000123,GP_करना,BLK_000009,Mohgaon,Mandla,Madhya Pradesh,22.754746,80.64526,854,184,295.85681047688354
VIL_000501,भद्रक,GP_000123,GP_करना,BLK_000009,Mohgaon,Mandla,Madhya Pradesh,22.312237,80.31458,1423,314,446.2088923425649
VIL_000502,अन्तर्गत,GP_000123,GP_करना,BLK_000009,Mohgaon,Mandla,Madhya Pradesh,22.961474,80.484609,899,213,485.5316357659759
VIL_000503,अलांग,GP_000124,GP_मोतिहारी,BLK_000009,Mohgaon,Mandla,Madhya Pradesh,22.722456,80.409134,1507,307,435.9567208404891
VIL_000504,अनंतनाग,GP_000124,GP_मोतिहारी,BLK_000009,Mohgaon,Mandla,Madhya Pradesh,22.59096,80.082671,563,132,188.21180251863572
VIL_000505,हैदराबाद,GP_000124,GP_मोतिहारी,BLK_000009,Mohgaon,Mandla,Madhya Pradesh,22.226156,80.224843,1091,199,282.9285549093796
VIL_000506,पाकाला,GP_000124,GP_मोतिहारी,BLK_000009,Mohgaon,Mandla,Madhya Pradesh,22.794015,80.76592,1625,344,329.0856215781171
VIL_000507,आदिलाबाद,GP_000124,GP_मोतिहारी,BLK_000009,Mohgaon,Mandla,Madhya Pradesh,22.414311,80.543106,1251,268,402.7144969749764
VIL_000508,अनंतनाग,GP_000125,GP_अगरतला,BLK_000009,Mohgaon,Mandla,Madhya Pradesh,22.553093,80.218542,1370,242,432.0282866170159
VIL_000509,भागलपुर,GP_000125,GP_अगरतला,BLK_000009,Mohgaon,Mandla,Madhya Pradesh,22.801076,80.297709,566,116,239.43079072892553
VIL_000510,मुंबई,GP_000125,GP_अगरतला,BLK_000009,Mohgaon,Mandla,Madhya Pradesh,22.853383,80.43907,740,173,194.77842214667248
VIL_000511,चित्रकूट,GP_000125,GP_अगरतला,BLK_000009,Mohgaon,Mandla,Madhya Pradesh,22.848562,80.587924,1218,293,344.1047210477907
VIL_000512,अखनूर,GP_000125,GP_अगरतला,BLK_000009,Mohgaon,Mandla,Madhya Pradesh,22.542534,80.616151,923,219,422.1761973481113
VIL_000513,चिराला,GP_000126,GP_अमरावती,BLK_000009,Mohgaon,Mandla,Madhya Pradesh,22.480652,80.281085,1603,293,491.6000625611954
VIL_000514,करना,GP_000126,GP_अमरावती,BLK_000009,Mohgaon,Mandla,Madhya Pradesh,22.434108,80.572736,1553,391,371.719726369324
VIL_000515,अनन्तपुर,GP_000126,GP_अमरावती,BLK_000009,Mohgaon,Mandla,Madhya Pradesh,22.27618,80.962772,1342,330,496.99449025786976
VIL_000516,मोकामा,GP_000126,GP_अमरावती,BLK_000009,Mohgaon,Mandla,Madhya Pradesh,22.893638,80.126888,771,146,384.55793953566763
VIL_000517,चंडीगढ,GP_000126,GP_अमरावती,BLK_000009,Mohgaon,Mandla,Madhya Pradesh,22.862785,80.761474,1884,380,156.86865323014715
VIL_000518,अमरपुर,GP_000127,GP_फतेहपुर,BLK_000009,Mohgaon,Mandla,Madhya Pradesh,22.414974,80.414225,1425,249,417.8394522670659
VIL_000519,भद्रक,GP_000127,GP_फतेहपुर,BLK_000009,Mohgaon,Mandla,Madhya Pradesh,22.815107,80.402851,1069,243,450.9269427331423
VIL_000520,अगरतला,GP_000127,GP_फतेहपुर,BLK_000009,Mohgaon,Mandla,Madhya Pradesh,22.563757,80.488044,1691,285,409.6541161750773
VIL_000521,देवगढ़,GP_000127,GP_फतेहपुर,BLK_000009,Mohgaon,Mandla,Madhya Pradesh,22.786179,80.730932,1438,319,378.91559111542324
VIL_000522,चक्रधरपुर,GP_000127,GP_फतेहपुर,BLK_000009,Mohgaon,Mandla,Madhya Pradesh,22.880085,80.795678,1314,245,271.85724027409447
VIL_000523,अनन्तपुर,GP_000128,GP_अहमदाबाद,BLK_000009,Mohgaon,Mandla,Madhya Pradesh,22.595772,80.322865,1080,212,331.1734561043806
VIL_000524,धर्मापुरी,GP_000128,GP_अहमदाबाद,BLK_000009,Mohgaon,Mandla,Madhya Pradesh,22.652914,80.485338,1203,293,404.90160896900073
VIL_000525,बचेली,GP_000128,GP_अहमदाबाद,BLK_000009,Mohgaon,Mandla,Madhya Pradesh,22.236754,80.62618,1441,245,471.77315013900875
VIL_000526,फतेहगढ,GP_000129,GP_धारवाड,BLK_000009,Mohgaon,Mandla,Madhya Pradesh,22.553029,80.000676,1376,255,375.43675276460414
VIL_000527,फतेहगढ,GP_000129,GP_धारवाड,BLK_000009,Mohgaon,Mandla,Madhya Pradesh,22.30553,80.649997,825,200,450.63801489478186
VIL_000528,अहमदनगर,GP_000129,GP_धारवाड,BLK_000009,Mohgaon,Mandla,Madhya Pradesh,22.274672,80.360435,668,133,461.52010753426316
VIL_000529,अगरतला,GP_000130,GP_देवास,BLK_000009,Mohgaon,Mandla,Madhya Pradesh,22.24143,80.625604,1986,452,193.6575365937678
VIL_000530,असम,GP_000130,GP_देवास,BLK_000009,Mohgaon,Mandla,Madhya Pradesh,22.724388,80.703698,502,93,131.17548862904246
VIL_000531,चक्रधरपुर,GP_000130,GP_देवास,BLK_000009,Mohgaon,Mandla,Madhya Pradesh,22.674944,80.519444,1411,239,378.2388429152195
VIL_000532,चंडीगढ,GP_000131,GP_मोकामा,BLK_000009,Mohgaon,Mandla,Madhya Pradesh,22.990524,80.422314,770,160,191.5787469836173
VIL_000533,सभापतिने,GP_000131,GP_मोकामा,BLK_000009,Mohgaon,Mandla,Madhya Pradesh,22.271465,80.805957,711,138,452.39559799210826
VIL_000534,अकोला,GP_000131,GP_मोकामा,BLK_000009,Mohgaon,Mandla,Madhya Pradesh,22.309703,80.77346,772,172,370.85483116761765
VIL_000535,अमरावती,GP_000132,GP_अलीगढ,BLK_000009,Mohgaon,Mandla,Madhya Pradesh,22.624407,80.008475,1831,334,240.47508753070838
VIL_000536,जिलोंपर,GP_000132,GP_अलीगढ,BLK_000009,Mohgaon,Mandla,Madhya Pradesh,22.370444,80.748269,1343,296,276.9535477756337
VIL_000537,लखनऊ,GP_000132,GP_अलीगढ,BLK_000009,Mohgaon,Mandla,Madhya Pradesh,22.373796,80.896593,786,182,335.82956710460525
VIL_000538,अहमदाबाद,GP_000133,GP_फतेहगढ,BLK_000009,Mohgaon,Mandla,Madhya Pradesh,22.481229,80.429389,786,149,357.8482272751591
VIL_000539,धर्मापुरी,GP_000133,GP_फतेहगढ,BLK_000009,Mohgaon,Mandla,Madhya Pradesh,22.398534,80.600999,1976,434,411.587861005304
VIL_000540,करना,GP_000133,GP_फतेहगढ,BLK_000009,Mohgaon,Mandla,Madhya Pradesh,22.752381,80.847892,1848,448,182.1782872609768
VIL_000541,आदिलाबाद,GP_000133,GP_फतेहगढ,BLK_000009,Mohgaon,Mandla,Madhya Pradesh,22.685541,80.188647,1302,252,121.82765240610118
VIL_000542,लखनऊ,GP_000134,GP_सभापतिने,BLK_000009,Mohgaon,Mandla,Madhya Pradesh,22.59591,80.112744,1523,338,128.4048006781533
VIL_000543,अमरपुर,GP_000134,GP_सभापतिने,BLK_000009,Mohgaon,Mandla,Madhya Pradesh,22.91098,80.012067,1239,306,152.79315229308082
VIL_000544,भद्रक,GP_000134,GP_सभापतिने,BLK_000009,Mohgaon,Mandla,Madhya Pradesh,22.888651,80.56838,1248,268,169.1081248603044
VIL_000545,चित्तूर,GP_000135,GP_अगरतला,BLK_000009,Mohgaon,Mandla,Madhya Pradesh,22.963562,80.770367,534,116,105.5173702901163
VIL_000546,असम,GP_000135,GP_अगरतला,BLK_000009,Mohgaon,Mandla,Madhya Pradesh,22.372594,80.922579,1315,278,351.42827842423037
VIL_000547,मोकामा,GP_000135,GP_अगरतला,BLK_000009,Mohgaon,Mandla,Madhya Pradesh,22.600839,80.415432,1937,392,356.2149153249407
VIL_000548,विस्तारण,GP_000135,GP_अगरतला,BLK_000009,Mohgaon,Mandla,Madhya Pradesh,22.630124,80.15268,671,130,304.52187931813256
VIL_000549,चंबा,GP_000136,GP_बहादुरगढ,BLK_000009,Mohgaon,Mandla,Madhya Pradesh,22.979451,80.155377,1169,235,353.7176989413027
VIL_000550,अजमेर,GP_000136,GP_बहादुरगढ,BLK_000009,Mohgaon,Mandla,Madhya Pradesh,22.867621,80.681056,635,123,274.99441722023005
VIL_000551,फतहपुर,GP_000136,GP_बहादुरगढ,BLK_000009,Mohgaon,Mandla,Madhya Pradesh,22.962742,80.238637,1000,175,273.7934354424076
VIL_000552,चित्रदुर्ग,GP_000137,GP_विस्तारण,BLK_000009,Mohgaon,Mandla,Madhya Pradesh,22.689837,80.055029,1864,431,396.2632720936713
VIL_000553,मुंबई,GP_000137,GP_विस्तारण,BLK_000009,Mohgaon,Mandla,Madhya Pradesh,22.295554,80.707901,1936,328,298.56517300908627
VIL_000554,चक्रधरपुर,GP_000137,GP_विस्तारण,BLK_000009,Mohgaon,Mandla,Madhya Pradesh,22.477364,80.517223,1976,376,248.74777235666096
VIL_000555,बहादुरगढ,GP_000137,GP_विस्तारण,BLK_000009,Mohgaon,Mandla,Madhya Pradesh,22.799821,80.87346,741,173,111.7425004691214
VIL_000556,मोकामा,GP_000138,GP_मोकामा,BLK_000009,Mohgaon,Mandla,Madhya Pradesh,22.417584,80.063872,1958,491,351.0131331594885
VIL_000557,चित्रदुर्ग,GP_000138,GP_मोकामा,BLK_000009,Mohgaon,Mandla,Madhya Pradesh,22.596918,80.510782,613,129,326.7544512953799
VIL_000558,अमरपुर,GP_000138,GP_मोकामा,BLK_000009,Mohgaon,Mandla,Madhya Pradesh,22.49415,80.255116,710,173,369.6481726252388
VIL_000559,विस्तारण,GP_000138,GP_मोकामा,BLK_000009,Mohgaon,Mandla,Madhya Pradesh,22.292267,80.74078,505,87,445.1713979610445
